problem_family,n_variables,n_constraints,seed,repetition,registered_repetition,backend,canonical_sha256,status,raw_status,strict_optimal,correctness_pass,censored,setup_seconds,solve_seconds,reported_solve_seconds,result_extraction_seconds,correctness_seconds,end_to_end_seconds,objective_value,reported_objective_value,objective_reconstruction_error,original_primal_violation,peak_host_memory_bytes,peak_gpu_memory_bytes,error_type,error_message,slurm_job_id,host,partition,execution_sha
LP-RANGED,100,50,11,-1,False,OSQP,d2efcd2257233fb894e920439d831872a2090a2668299ee0b7c571a42caf4c45,optimal,solved,True,True,False,0.0013597630895674,0.0009475171100348,0.000870594,4.102941602468491e-06,9.650597348809242e-05,0.002458221046254,-6.867814152353085,-6.867814152353085,0.0,0.0,107683840,,,,63094,b40x4-02,b40x4,f00c45ae3d571a1eabe9e66d6034b90683f83626
LP-RANGED,100,50,11,0,True,OSQP,d2efcd2257233fb894e920439d831872a2090a2668299ee0b7c571a42caf4c45,optimal,solved,True,True,False,0.0011049110908061,0.0009470749646425,0.000893732,3.7690624594688416e-06,6.797886453568935e-05,0.0021635429002344,-6.867814152353085,-6.867814152353085,0.0,0.0,108208128,,,,63094,b40x4-02,b40x4,f00c45ae3d571a1eabe9e66d6034b90683f83626
LP-RANGED,100,50,11,1,True,OSQP,d2efcd2257233fb894e920439d831872a2090a2668299ee0b7c571a42caf4c45,optimal,solved,True,True,False,0.0009720611851662,0.0008834071923047,0.000837167,2.851942554116249e-06,5.417410284280777e-05,0.0019463740754872,-6.867814152353085,-6.867814152353085,0.0,0.0,108208128,,,,63094,b40x4-02,b40x4,f00c45ae3d571a1eabe9e66d6034b90683f83626
LP-RANGED,100,50,11,2,True,OSQP,d2efcd2257233fb894e920439d831872a2090a2668299ee0b7c571a42caf4c45,optimal,solved,True,True,False,0.0009617318864911,0.0009393917862325,0.000885372,2.7909409254789352e-06,5.944096483290196e-05,0.0019836679566651,-6.867814152353085,-6.867814152353085,0.0,0.0,108208128,,,,63094,b40x4-02,b40x4,f00c45ae3d571a1eabe9e66d6034b90683f83626
LP-RANGED,100,50,29,-1,False,OSQP,a30f5caaaf1c148903a463217677f93691a4e941f4323d42fdf3b4478573e8d0,optimal,solved,True,True,False,0.0009308350272476,0.0009898061398416,0.000945137,2.8919894248247147e-06,5.558691918849945e-05,0.0019981411751359,-7.278344586434609,-7.278344586434608,8.881784197001252e-16,0.0,108208128,,,,63094,b40x4-02,b40x4,f00c45ae3d571a1eabe9e66d6034b90683f83626
LP-RANGED,100,50,29,0,True,OSQP,a30f5caaaf1c148903a463217677f93691a4e941f4323d42fdf3b4478573e8d0,optimal,solved,True,True,False,0.0009605961386114,0.0009457210544496,0.000900301,2.8919894248247147e-06,5.903001874685288e-05,0.0019875939469784,-7.278344586434609,-7.278344586434608,8.881784197001252e-16,0.0,108208128,,,,63094,b40x4-02,b40x4,f00c45ae3d571a1eabe9e66d6034b90683f83626
LP-RANGED,100,50,29,1,True,OSQP,a30f5caaaf1c148903a463217677f93691a4e941f4323d42fdf3b4478573e8d0,optimal,solved,True,True,False,0.0009483229368925,0.0009493560064584,0.000900992,2.61794775724411e-06,5.578785203397274e-05,0.0019752241205424,-7.278344586434609,-7.278344586434608,8.881784197001252e-16,0.0,108208128,,,,63094,b40x4-02,b40x4,f00c45ae3d571a1eabe9e66d6034b90683f83626
LP-RANGED,100,50,29,2,True,OSQP,a30f5caaaf1c148903a463217677f93691a4e941f4323d42fdf3b4478573e8d0,optimal,solved,True,True,False,0.0009504691697657,0.000950549961999,0.000902949,2.807937562465668e-06,5.714409053325653e-05,0.0019803659524768,-7.278344586434609,-7.278344586434608,8.881784197001252e-16,0.0,108208128,,,,63094,b40x4-02,b40x4,f00c45ae3d571a1eabe9e66d6034b90683f83626
LP-RANGED,100,50,47,-1,False,OSQP,17f2761760661952fe8f76c6d8608154de0cfb80b46772b4f59673b652654535,optimal,solved,True,True,False,0.0009107480291277,0.0009591048583388,0.000915682,2.54088081419468e-06,5.536293610930443e-05,0.0019461109768599,-7.322046420490617,-7.322046420490615,1.7763568394002505e-15,0.0,108208128,,,,63094,b40x4-02,b40x4,f00c45ae3d571a1eabe9e66d6034b90683f83626
LP-RANGED,100,50,47,0,True,OSQP,17f2761760661952fe8f76c6d8608154de0cfb80b46772b4f59673b652654535,optimal,solved,True,True,False,0.0009519620798528,0.0009651780128479,0.000917956,2.9311049729585648e-06,5.92090655118227e-05,0.0020001039374619,-7.322046420490617,-7.322046420490615,1.7763568394002505e-15,0.0,108208128,,,,63094,b40x4-02,b40x4,f00c45ae3d571a1eabe9e66d6034b90683f83626
LP-RANGED,100,50,47,1,True,OSQP,17f2761760661952fe8f76c6d8608154de0cfb80b46772b4f59673b652654535,optimal,solved,True,True,False,0.000942455837503,0.0009450961370021,0.000899789,2.8810463845729828e-06,5.866214632987976e-05,0.001983055146411,-7.322046420490617,-7.322046420490615,1.7763568394002505e-15,0.0,108208128,,,,63094,b40x4-02,b40x4,f00c45ae3d571a1eabe9e66d6034b90683f83626
LP-RANGED,100,50,47,2,True,OSQP,17f2761760661952fe8f76c6d8608154de0cfb80b46772b4f59673b652654535,optimal,solved,True,True,False,0.0009474630933254,0.0009531071409583,0.000908009,3.2070092856884003e-06,5.695596337318421e-05,0.0019802439492195,-7.322046420490617,-7.322046420490615,1.7763568394002505e-15,0.0,108208128,,,,63094,b40x4-02,b40x4,f00c45ae3d571a1eabe9e66d6034b90683f83626
LP-RANGED,300,150,11,-1,False,OSQP,0c21efe72b840791a39281fea01c8aa9506630ab5d77354c0fd7ac94e38fe73d,optimal,solved,True,True,False,0.0014888669829815,0.0064071549568325,0.006313921,2.9460061341524124e-06,6.345706060528755e-05,0.0079817189835011,-13.093474286016711,-13.093474286016711,0.0,0.0,108208128,,,,63094,b40x4-02,b40x4,f00c45ae3d571a1eabe9e66d6034b90683f83626
LP-RANGED,300,150,11,0,True,OSQP,0c21efe72b840791a39281fea01c8aa9506630ab5d77354c0fd7ac94e38fe73d,optimal,solved,True,True,False,0.0014806450344622,0.006420399993658,0.006332228,3.0410010367631912e-06,6.42240047454834e-05,0.0080033279955387,-13.093474286016711,-13.093474286016711,0.0,0.0,108208128,,,,63094,b40x4-02,b40x4,f00c45ae3d571a1eabe9e66d6034b90683f83626
LP-RANGED,300,150,11,1,True,OSQP,0c21efe72b840791a39281fea01c8aa9506630ab5d77354c0fd7ac94e38fe73d,optimal,solved,True,True,False,0.001487225992605,0.0064129091333597,0.006333779,3.258930519223213e-06,6.448477506637573e-05,0.0079874920193105,-13.093474286016711,-13.093474286016711,0.0,0.0,108208128,,,,63094,b40x4-02,b40x4,f00c45ae3d571a1eabe9e66d6034b90683f83626
LP-RANGED,300,150,11,2,True,OSQP,0c21efe72b840791a39281fea01c8aa9506630ab5d77354c0fd7ac94e38fe73d,optimal,solved,True,True,False,0.0014862748794257,0.0063999379053711,0.006323137,3.155088052153588e-06,6.646988913416862e-05,0.0079771380405873,-13.093474286016711,-13.093474286016711,0.0,0.0,108208128,,,,63094,b40x4-02,b40x4,f00c45ae3d571a1eabe9e66d6034b90683f83626
LP-RANGED,300,150,29,-1,False,OSQP,fa2a6a44e787e9b6be274aeafe4c55ec8f9958524026767b0c8b4a5a79f88246,optimal,solved,True,True,False,0.0014688160736113,0.0045767321716994,0.004496436,2.92598269879818e-06,6.280909292399883e-05,0.006129790097475,-13.46563856213461,-13.4656385621346,8.881784197001252e-15,4.440892098500626e-16,108208128,,,,63094,b40x4-02,b40x4,f00c45ae3d571a1eabe9e66d6034b90683f83626
LP-RANGED,300,150,29,0,True,OSQP,fa2a6a44e787e9b6be274aeafe4c55ec8f9958524026767b0c8b4a5a79f88246,optimal,solved,True,True,False,0.0015035271644592,0.0045660301111638,0.004484107,2.92598269879818e-06,6.321584805846214e-05,0.0061555611900985,-13.46563856213461,-13.4656385621346,8.881784197001252e-15,4.440892098500626e-16,108208128,,,,63094,b40x4-02,b40x4,f00c45ae3d571a1eabe9e66d6034b90683f83626
LP-RANGED,300,150,29,1,True,OSQP,fa2a6a44e787e9b6be274aeafe4c55ec8f9958524026767b0c8b4a5a79f88246,optimal,solved,True,True,False,0.0014854480978101,0.0046012359671294,0.004521922,3.1229574233293533e-06,6.498000584542751e-05,0.0061740728560835,-13.46563856213461,-13.4656385621346,8.881784197001252e-15,4.440892098500626e-16,108208128,,,,63094,b40x4-02,b40x4,f00c45ae3d571a1eabe9e66d6034b90683f83626
LP-RANGED,300,150,29,2,True,OSQP,fa2a6a44e787e9b6be274aeafe4c55ec8f9958524026767b0c8b4a5a79f88246,optimal,solved,True,True,False,0.0014820680953562,0.0045852710027247,0.004503193,2.92900949716568e-06,6.385589949786663e-05,0.0061680600047111,-13.46563856213461,-13.4656385621346,8.881784197001252e-15,4.440892098500626e-16,108208128,,,,63094,b40x4-02,b40x4,f00c45ae3d571a1eabe9e66d6034b90683f83626
LP-RANGED,300,150,47,-1,False,OSQP,f9b20e354023d751d87e4588eb14498cc4fe97f8c5b47c4961542a034e1f602b,optimal,solved,True,True,False,0.0014735870063304,0.0045720210764557,0.00449412,2.844026312232017e-06,6.365682929754257e-05,0.0061305009294301,-14.49736255266524,-14.497362552665246,5.3290705182007506e-15,4.440892098500626e-16,108208128,,,,63094,b40x4-02,b40x4,f00c45ae3d571a1eabe9e66d6034b90683f83626
LP-RANGED,300,150,47,0,True,OSQP,f9b20e354023d751d87e4588eb14498cc4fe97f8c5b47c4961542a034e1f602b,optimal,solved,True,True,False,0.0014617620036005,0.0045868370216339,0.00450228,2.9799994081258774e-06,6.404099985957146e-05,0.0061382870189845,-14.49736255266524,-14.497362552665246,5.3290705182007506e-15,4.440892098500626e-16,108208128,,,,63094,b40x4-02,b40x4,f00c45ae3d571a1eabe9e66d6034b90683f83626
LP-RANGED,300,150,47,1,True,OSQP,f9b20e354023d751d87e4588eb14498cc4fe97f8c5b47c4961542a034e1f602b,optimal,solved,True,True,False,0.0014629350043833,0.0046080870088189,0.004529125,3.1229574233293533e-06,6.416905671358109e-05,0.0061737890355288,-14.49736255266524,-14.497362552665246,5.3290705182007506e-15,4.440892098500626e-16,108208128,,,,63094,b40x4-02,b40x4,f00c45ae3d571a1eabe9e66d6034b90683f83626
LP-RANGED,300,150,47,2,True,OSQP,f9b20e354023d751d87e4588eb14498cc4fe97f8c5b47c4961542a034e1f602b,optimal,solved,True,True,False,0.0014704358763992,0.004605193156749,0.004524246,2.8710346668958664e-06,6.433716043829918e-05,0.006172923836857,-14.49736255266524,-14.497362552665246,5.3290705182007506e-15,4.440892098500626e-16,108208128,,,,63094,b40x4-02,b40x4,f00c45ae3d571a1eabe9e66d6034b90683f83626
LP-RANGED,1000,500,11,-1,False,OSQP,31fff43297f9ff70086909fa70f0a4ee7d41a035c9cd24c229b023a94670fe83,optimal,solved,True,True,False,0.0086432411335408,0.0400300999172031,0.039757505,4.976987838745117e-06,8.601602166891098e-05,0.0487837409600615,-25.2869774032007,-25.286977403200684,1.7763568394002505e-14,4.440892098500626e-16,109256704,,,,63094,b40x4-02,b40x4,f00c45ae3d571a1eabe9e66d6034b90683f83626
LP-RANGED,1000,500,11,0,True,OSQP,31fff43297f9ff70086909fa70f0a4ee7d41a035c9cd24c229b023a94670fe83,optimal,solved,True,True,False,0.0083693650085479,0.0392308968584984,0.039010199,5.292939022183418e-06,8.753803558647633e-05,0.0477118289563804,-25.2869774032007,-25.286977403200684,1.7763568394002505e-14,4.440892098500626e-16,109256704,,,,63094,b40x4-02,b40x4,f00c45ae3d571a1eabe9e66d6034b90683f83626
LP-RANGED,1000,500,11,1,True,OSQP,31fff43297f9ff70086909fa70f0a4ee7d41a035c9cd24c229b023a94670fe83,optimal,solved,True,True,False,0.008384610991925,0.0391252951230853,0.038912325,6.113899871706963e-06,9.078206494450568e-05,0.0476262350566685,-25.2869774032007,-25.286977403200684,1.7763568394002505e-14,4.440892098500626e-16,109256704,,,,63094,b40x4-02,b40x4,f00c45ae3d571a1eabe9e66d6034b90683f83626
LP-RANGED,1000,500,11,2,True,OSQP,31fff43297f9ff70086909fa70f0a4ee7d41a035c9cd24c229b023a94670fe83,optimal,solved,True,True,False,0.008330178912729,0.039320200914517,0.039106199,5.281064659357071e-06,8.616992272436619e-05,0.0477592619135975,-25.2869774032007,-25.286977403200684,1.7763568394002505e-14,4.440892098500626e-16,109256704,,,,63094,b40x4-02,b40x4,f00c45ae3d571a1eabe9e66d6034b90683f83626
LP-RANGED,1000,500,29,-1,False,OSQP,502ea8f578b92e880ccc2156f9034166fe0b9e9fb9b64a5fb8ccbdda28e6507c,optimal,solved,True,True,False,0.0082531769294291,0.0767329139634966,0.076509917,5.044974386692047e-06,8.844793774187565e-05,0.0850971909239888,-25.1029998656274,-25.102999865627435,3.907985046680551e-14,2.220446049250313e-16,109256704,,,,63094,b40x4-02,b40x4,f00c45ae3d571a1eabe9e66d6034b90683f83626
LP-RANGED,1000,500,29,0,True,OSQP,502ea8f578b92e880ccc2156f9034166fe0b9e9fb9b64a5fb8ccbdda28e6507c,optimal,solved,True,True,False,0.0082897760439664,0.0795447428245097,0.079013718,5.655502900481224e-05,0.0006225539837032,0.0885480300057679,-25.1029998656274,-25.102999865627435,3.907985046680551e-14,2.220446049250313e-16,109256704,,,,63094,b40x4-02,b40x4,f00c45ae3d571a1eabe9e66d6034b90683f83626
LP-RANGED,1000,500,29,1,True,OSQP,502ea8f578b92e880ccc2156f9034166fe0b9e9fb9b64a5fb8ccbdda28e6507c,optimal,solved,True,True,False,0.0095515470020473,0.0769299161620438,0.076675194,5.712034180760384e-06,9.96969174593687e-05,0.0867312471382319,-25.1029998656274,-25.102999865627435,3.907985046680551e-14,2.220446049250313e-16,109256704,,,,63094,b40x4-02,b40x4,f00c45ae3d571a1eabe9e66d6034b90683f83626
LP-RANGED,1000,500,29,2,True,OSQP,502ea8f578b92e880ccc2156f9034166fe0b9e9fb9b64a5fb8ccbdda28e6507c,optimal,solved,True,True,False,0.00827809702605,0.0769886199850589,0.076774479,5.691079422831535e-06,8.902512490749359e-05,0.0853867039550095,-25.1029998656274,-25.102999865627435,3.907985046680551e-14,2.220446049250313e-16,109256704,,,,63094,b40x4-02,b40x4,f00c45ae3d571a1eabe9e66d6034b90683f83626
LP-RANGED,1000,500,47,-1,False,OSQP,ff20c46f3a24f9bd57c968931776f59397c9c44ea3870ead52a609c43e766c79,optimal,solved,True,True,False,0.0081977611407637,0.0367907059844583,0.036572608,5.095032975077629e-06,8.905213326215744e-05,0.0451029841788113,-25.084419553174747,-25.084419553174712,3.5527136788005016e-14,4.440892098500626e-16,109256704,,,,63094,b40x4-02,b40x4,f00c45ae3d571a1eabe9e66d6034b90683f83626
LP-RANGED,1000,500,47,0,True,OSQP,ff20c46f3a24f9bd57c968931776f59397c9c44ea3870ead52a609c43e766c79,optimal,solved,True,True,False,0.0083097340539097,0.0369286348577588,0.036723579,5.217036232352257e-06,9.302189573645592e-05,0.0453717480413615,-25.084419553174747,-25.084419553174712,3.5527136788005016e-14,4.440892098500626e-16,109256704,,,,63094,b40x4-02,b40x4,f00c45ae3d571a1eabe9e66d6034b90683f83626
LP-RANGED,1000,500,47,1,True,OSQP,ff20c46f3a24f9bd57c968931776f59397c9c44ea3870ead52a609c43e766c79,optimal,solved,True,True,False,0.0083456349093467,0.0367495431564748,0.036534424,5.550915375351906e-06,8.720601908862591e-05,0.0452087810263037,-25.084419553174747,-25.084419553174712,3.5527136788005016e-14,4.440892098500626e-16,109256704,,,,63094,b40x4-02,b40x4,f00c45ae3d571a1eabe9e66d6034b90683f83626
LP-RANGED,1000,500,47,2,True,OSQP,ff20c46f3a24f9bd57c968931776f59397c9c44ea3870ead52a609c43e766c79,optimal,solved,True,True,False,0.0083200281951576,0.0367284461390227,0.036516713,5.156965926289558e-06,8.973293006420135e-05,0.0451778448186814,-25.084419553174747,-25.084419553174712,3.5527136788005016e-14,4.440892098500626e-16,109256704,,,,63094,b40x4-02,b40x4,f00c45ae3d571a1eabe9e66d6034b90683f83626
LP-RANGED,3000,1500,11,-1,False,OSQP,b00289481a93a08e32e1a301cb65dee5f3036ab480f23fd54a4dd9b902c9cdb9,optimal,solved,True,True,False,0.177219163859263,0.5660394008737057,0.56526771,5.980022251605988e-06,0.000119682168588,0.7434041388332844,-43.92099022441894,-43.92099022441904,1.0658141036401505e-13,4.440892098500626e-16,118956032,,,,63094,b40x4-02,b40x4,f00c45ae3d571a1eabe9e66d6034b90683f83626
LP-RANGED,3000,1500,11,0,True,OSQP,b00289481a93a08e32e1a301cb65dee5f3036ab480f23fd54a4dd9b902c9cdb9,optimal,solved,True,True,False,0.1769951288588345,0.5742550462018698,0.573522631,6.142072379589081e-06,0.0001178460661321,0.7514090288896114,-43.92099022441894,-43.92099022441904,1.0658141036401505e-13,4.440892098500626e-16,118837248,,,,63094,b40x4-02,b40x4,f00c45ae3d571a1eabe9e66d6034b90683f83626
LP-RANGED,3000,1500,11,1,True,OSQP,b00289481a93a08e32e1a301cb65dee5f3036ab480f23fd54a4dd9b902c9cdb9,optimal,solved,True,True,False,0.1776687160599976,0.5743336318992078,0.573545798,1.878896728157997e-05,0.0002559181302785,0.7523141568526626,-43.92099022441894,-43.92099022441904,1.0658141036401505e-13,4.440892098500626e-16,119361536,,,,63094,b40x4-02,b40x4,f00c45ae3d571a1eabe9e66d6034b90683f83626
LP-RANGED,3000,1500,11,2,True,OSQP,b00289481a93a08e32e1a301cb65dee5f3036ab480f23fd54a4dd9b902c9cdb9,optimal,solved,True,True,False,0.1763943589758128,0.5741141480393708,0.573511874,6.419140845537186e-06,0.0001220710109919,0.7507030789274722,-43.92099022441894,-43.92099022441904,1.0658141036401505e-13,4.440892098500626e-16,119361536,,,,63094,b40x4-02,b40x4,f00c45ae3d571a1eabe9e66d6034b90683f83626
LP-RANGED,3000,1500,29,-1,False,OSQP,4f4ba0315c2b628fa51d9331169ab14bbc78780187963860c517e3000375e82d,optimal,solved,True,True,False,0.1767691560089588,1.0169111110735685,1.015960296,2.047605812549591e-05,0.0002808240242302,1.194004570832476,-44.00159514188443,-44.00159514188445,1.4210854715202004e-14,4.440892098500626e-16,119361536,,,,63094,b40x4-02,b40x4,f00c45ae3d571a1eabe9e66d6034b90683f83626
LP-RANGED,3000,1500,29,0,True,OSQP,4f4ba0315c2b628fa51d9331169ab14bbc78780187963860c517e3000375e82d,optimal,solved,True,True,False,0.1777794661466032,1.0152404520194978,1.014599127,6.44288957118988e-06,0.0001397400628775,1.1932343759108337,-44.00159514188443,-44.00159514188445,1.4210854715202004e-14,4.440892098500626e-16,119361536,,,,63094,b40x4-02,b40x4,f00c45ae3d571a1eabe9e66d6034b90683f83626
LP-RANGED,3000,1500,29,1,True,OSQP,4f4ba0315c2b628fa51d9331169ab14bbc78780187963860c517e3000375e82d,optimal,solved,True,True,False,0.1769120888784527,1.0155711430124938,1.014935204,6.85499981045723e-06,0.0001276838593184,1.192652907921001,-44.00159514188443,-44.00159514188445,1.4210854715202004e-14,4.440892098500626e-16,119361536,,,,63094,b40x4-02,b40x4,f00c45ae3d571a1eabe9e66d6034b90683f83626
LP-RANGED,3000,1500,29,2,True,OSQP,4f4ba0315c2b628fa51d9331169ab14bbc78780187963860c517e3000375e82d,optimal,solved,True,True,False,0.1768306491430848,1.015692210989073,1.015049883,6.613088771700859e-06,0.0001207108143717,1.1926839801017195,-44.00159514188443,-44.00159514188445,1.4210854715202004e-14,4.440892098500626e-16,119361536,,,,63094,b40x4-02,b40x4,f00c45ae3d571a1eabe9e66d6034b90683f83626
LP-RANGED,3000,1500,47,-1,False,OSQP,f4a056b01880f47fa41dea6dab7c8936a68969d251927f2759589a3102af9787,optimal,solved,True,True,False,0.1750356969423592,0.756850603967905,0.756194538,6.960006430745125e-06,0.000143471173942,0.932059020968154,-44.03280990159727,-44.03280990159729,2.131628207280301e-14,1.7415664732567393e-07,119361536,,,,63094,b40x4-02,b40x4,f00c45ae3d571a1eabe9e66d6034b90683f83626
LP-RANGED,3000,1500,47,0,True,OSQP,f4a056b01880f47fa41dea6dab7c8936a68969d251927f2759589a3102af9787,optimal,solved,True,True,False,0.1749447211623191,0.757450751028955,0.756795597,1.0645948350429537e-05,0.0001761380117386,0.9326173679437488,-44.03280990159727,-44.03280990159729,2.131628207280301e-14,1.7415664732567393e-07,119361536,,,,63094,b40x4-02,b40x4,f00c45ae3d571a1eabe9e66d6034b90683f83626
LP-RANGED,3000,1500,47,1,True,OSQP,f4a056b01880f47fa41dea6dab7c8936a68969d251927f2759589a3102af9787,optimal,solved,True,True,False,0.1752588760573417,0.758713779039681,0.757832241,1.7674872651696205e-05,0.0002748719416558,0.9343049819581212,-44.03280990159727,-44.03280990159729,2.131628207280301e-14,1.7415664732567393e-07,119361536,,,,63094,b40x4-02,b40x4,f00c45ae3d571a1eabe9e66d6034b90683f83626
LP-RANGED,3000,1500,47,2,True,OSQP,f4a056b01880f47fa41dea6dab7c8936a68969d251927f2759589a3102af9787,optimal,solved,True,True,False,0.1755271141882985,0.757066368823871,0.756406983,6.3211191445589066e-06,0.0001258119009435,0.9327936701010912,-44.03280990159727,-44.03280990159729,2.131628207280301e-14,1.7415664732567393e-07,119361536,,,,63094,b40x4-02,b40x4,f00c45ae3d571a1eabe9e66d6034b90683f83626
LP-RANGED,10000,5000,11,-1,False,OSQP,743ed958f918fd572b8549f0a28bafb19260417a42e83c5d1508b942e2236a49,optimal,solved,True,True,False,5.662915098015219,22.37064837804064,22.367924542,1.6662990674376488e-05,0.0004352771211415,28.03404081403277,-79.65821975851563,-79.6582197585155,1.2789769243681806e-13,6.661338147750939e-16,217169920,,,,63094,b40x4-02,b40x4,f00c45ae3d571a1eabe9e66d6034b90683f83626
LP-RANGED,10000,5000,11,0,True,OSQP,743ed958f918fd572b8549f0a28bafb19260417a42e83c5d1508b942e2236a49,optimal,solved,True,True,False,5.65368160395883,22.53606343897991,22.533280967,1.867394894361496e-05,0.0005682359915226,28.190381039166823,-79.65821975851563,-79.6582197585155,1.2789769243681806e-13,6.661338147750939e-16,216150016,,,,63094,b40x4-02,b40x4,f00c45ae3d571a1eabe9e66d6034b90683f83626
LP-RANGED,10000,5000,11,1,True,OSQP,743ed958f918fd572b8549f0a28bafb19260417a42e83c5d1508b942e2236a49,optimal,solved,True,True,False,5.634624185040593,22.51175111392513,22.509086227,2.153799869120121e-05,0.0006120179314166,28.14706431608647,-79.65821975851563,-79.6582197585155,1.2789769243681806e-13,6.661338147750939e-16,216657920,,,,63094,b40x4-02,b40x4,f00c45ae3d571a1eabe9e66d6034b90683f83626
LP-RANGED,10000,5000,11,2,True,OSQP,743ed958f918fd572b8549f0a28bafb19260417a42e83c5d1508b942e2236a49,optimal,solved,True,True,False,5.649765328969806,22.507924922043458,22.505265481,2.12120357900858e-05,0.0005272899288684,28.15831519616768,-79.65821975851563,-79.6582197585155,1.2789769243681806e-13,6.661338147750939e-16,216662016,,,,63094,b40x4-02,b40x4,f00c45ae3d571a1eabe9e66d6034b90683f83626
LP-RANGED,10000,5000,29,-1,False,OSQP,b4de6f63802cc856a0718b8801f95808eee3566105ef8c45acfa55d468f2bbb8,optimal,solved,True,True,False,5.673858430003747,41.29490741784685,41.292172367,1.988094300031662e-05,0.0005233769770711,46.96937181195244,-80.27316358441433,-80.27316358441419,1.4210854715202006e-13,4.440892098500626e-16,216756224,,,,63094,b40x4-02,b40x4,f00c45ae3d571a1eabe9e66d6034b90683f83626
LP-RANGED,10000,5000,29,0,True,OSQP,b4de6f63802cc856a0718b8801f95808eee3566105ef8c45acfa55d468f2bbb8,optimal,solved,True,True,False,5.6673068918753415,41.44120604498312,41.438478655,2.1487008780241013e-05,0.0005276149604469,47.10913960100152,-80.27316358441433,-80.27316358441419,1.4210854715202006e-13,4.440892098500626e-16,216920064,,,,63094,b40x4-02,b40x4,f00c45ae3d571a1eabe9e66d6034b90683f83626
LP-RANGED,10000,5000,29,1,True,OSQP,b4de6f63802cc856a0718b8801f95808eee3566105ef8c45acfa55d468f2bbb8,optimal,solved,True,True,False,5.655840058112517,41.27680963487364,41.274075924,1.7767073586583138e-05,0.0005192919634282,46.93327140295878,-80.27316358441433,-80.27316358441419,1.4210854715202006e-13,4.440892098500626e-16,216920064,,,,63094,b40x4-02,b40x4,f00c45ae3d571a1eabe9e66d6034b90683f83626
LP-RANGED,10000,5000,29,2,True,OSQP,b4de6f63802cc856a0718b8801f95808eee3566105ef8c45acfa55d468f2bbb8,optimal,solved,True,True,False,5.670885753817856,41.45196110289544,41.44924031,2.538599073886872e-05,0.0005407938733696,47.1234788808506,-80.27316358441433,-80.27316358441419,1.4210854715202006e-13,4.440892098500626e-16,216924160,,,,63094,b40x4-02,b40x4,f00c45ae3d571a1eabe9e66d6034b90683f83626
LP-RANGED,10000,5000,47,-1,False,OSQP,2021ca7823429db5fbd374e596ee49a239c4139a4d0af29d8eed594d225549d7,optimal,solved,True,True,False,5.689345818012953,10.811905050184578,10.809614174,2.4794135242700577e-05,0.000395372044295,16.501750035909936,-80.67907334389693,-80.6790733438967,2.273736754432321e-13,6.661338147750939e-16,216793088,,,,63094,b40x4-02,b40x4,f00c45ae3d571a1eabe9e66d6034b90683f83626
LP-RANGED,10000,5000,47,0,True,OSQP,2021ca7823429db5fbd374e596ee49a239c4139a4d0af29d8eed594d225549d7,optimal,solved,True,True,False,5.695356622105464,10.821574594127014,10.819364585,1.964089460670948e-05,0.0003128200769424,16.51733596692793,-80.67907334389693,-80.6790733438967,2.273736754432321e-13,6.661338147750939e-16,216838144,,,,63094,b40x4-02,b40x4,f00c45ae3d571a1eabe9e66d6034b90683f83626
LP-RANGED,10000,5000,47,1,True,OSQP,2021ca7823429db5fbd374e596ee49a239c4139a4d0af29d8eed594d225549d7,optimal,solved,True,True,False,5.697544533992186,10.788839097134767,10.786107838,1.893378794193268e-05,0.0004445549566298,16.486886890837923,-80.67907334389693,-80.6790733438967,2.273736754432321e-13,6.661338147750939e-16,216842240,,,,63094,b40x4-02,b40x4,f00c45ae3d571a1eabe9e66d6034b90683f83626
LP-RANGED,10000,5000,47,2,True,OSQP,2021ca7823429db5fbd374e596ee49a239c4139a4d0af29d8eed594d225549d7,optimal,solved,True,True,False,5.688087633810937,10.863816568860784,10.861533949,1.6083940863609314e-05,0.0003234329633414,16.552295681089163,-80.67907334389693,-80.6790733438967,2.273736754432321e-13,6.661338147750939e-16,216842240,,,,63094,b40x4-02,b40x4,f00c45ae3d571a1eabe9e66d6034b90683f83626
LP-MIXED,100,100,11,-1,False,OSQP,e67016ee37a2481452dfa4752d27505e8a399ef7294aa096e67aeb09babeaf6b,optimal,solved,True,True,False,0.0016151228919625,0.0004394089337438,0.000364289,3.118067979812622e-06,6.753392517566681e-05,0.0021653859876096,0.2027261810765862,0.2027261810765862,0.0,2.775557561562892e-17,152825856,,,,63094,b40x4-02,b40x4,f00c45ae3d571a1eabe9e66d6034b90683f83626
LP-MIXED,100,100,11,0,True,OSQP,e67016ee37a2481452dfa4752d27505e8a399ef7294aa096e67aeb09babeaf6b,optimal,solved,True,True,False,0.0012775768991559,0.000415890943259,0.000358557,2.730870619416237e-06,6.004096940159798e-05,0.0017802668735384,0.2027261810765862,0.2027261810765862,0.0,2.775557561562892e-17,152825856,,,,63094,b40x4-02,b40x4,f00c45ae3d571a1eabe9e66d6034b90683f83626
LP-MIXED,100,100,11,1,True,OSQP,e67016ee37a2481452dfa4752d27505e8a399ef7294aa096e67aeb09babeaf6b,optimal,solved,True,True,False,0.0011851619929075,0.0004248730838298,0.000368085,3.0798837542533875e-06,5.9922924265265465e-05,0.0017082230187952,0.2027261810765862,0.2027261810765862,0.0,2.775557561562892e-17,152825856,,,,63094,b40x4-02,b40x4,f00c45ae3d571a1eabe9e66d6034b90683f83626
LP-MIXED,100,100,11,2,True,OSQP,e67016ee37a2481452dfa4752d27505e8a399ef7294aa096e67aeb09babeaf6b,optimal,solved,True,True,False,0.0011836930643767,0.0004167179577052,0.000359793,2.9401853680610657e-06,5.9199053794145584e-05,0.0016822519246488,0.2027261810765862,0.2027261810765862,0.0,2.775557561562892e-17,152825856,,,,63094,b40x4-02,b40x4,f00c45ae3d571a1eabe9e66d6034b90683f83626
LP-MIXED,100,100,29,-1,False,OSQP,23d704b61a81180ca10b20375d05d97d2d10967f01d6caec9bb8f4ff2aefe88d,optimal,solved,True,True,False,0.0011516520753502,0.0004373181145638,0.00037908,2.7711503207683563e-06,5.784793756902218e-05,0.0016686939634382,-0.0067746016949579,-0.0067746016949579,6.938893903907228e-18,4.163336342344337e-17,152825856,,,,63094,b40x4-02,b40x4,f00c45ae3d571a1eabe9e66d6034b90683f83626
LP-MIXED,100,100,29,0,True,OSQP,23d704b61a81180ca10b20375d05d97d2d10967f01d6caec9bb8f4ff2aefe88d,optimal,solved,True,True,False,0.0011954850051552,0.0004209589678794,0.000366441,3.009103238582611e-06,5.8685895055532455e-05,0.0016970990691334,-0.0067746016949579,-0.0067746016949579,6.938893903907228e-18,4.163336342344337e-17,152825856,,,,63094,b40x4-02,b40x4,f00c45ae3d571a1eabe9e66d6034b90683f83626
LP-MIXED,100,100,29,1,True,OSQP,23d704b61a81180ca10b20375d05d97d2d10967f01d6caec9bb8f4ff2aefe88d,optimal,solved,True,True,False,0.0011898730881512,0.0004315909463912,0.000377604,2.9960647225379944e-06,5.868193693459034e-05,0.0017031028401106,-0.0067746016949579,-0.0067746016949579,6.938893903907228e-18,4.163336342344337e-17,152825856,,,,63094,b40x4-02,b40x4,f00c45ae3d571a1eabe9e66d6034b90683f83626
LP-MIXED,100,100,29,2,True,OSQP,23d704b61a81180ca10b20375d05d97d2d10967f01d6caec9bb8f4ff2aefe88d,optimal,solved,True,True,False,0.0011645078193396,0.0004331639502197,0.000380105,2.877088263630867e-06,6.373599171638489e-05,0.0016986969858407,-0.0067746016949579,-0.0067746016949579,6.938893903907228e-18,4.163336342344337e-17,152825856,,,,63094,b40x4-02,b40x4,f00c45ae3d571a1eabe9e66d6034b90683f83626
LP-MIXED,100,100,47,-1,False,OSQP,021bcf8bbe5724098217586683dcac9ed05897ea5a5be6a0353b338e0b478fba,optimal,solved,True,True,False,0.0011206869967281,0.0004158020019531,0.000360923,2.891058102250099e-06,5.700206384062767e-05,0.0016150390729308,0.0907976368950187,0.0907976368950187,1.3877787807814457e-17,2.775557561562892e-17,152825856,,,,63094,b40x4-02,b40x4,f00c45ae3d571a1eabe9e66d6034b90683f83626
LP-MIXED,100,100,47,0,True,OSQP,021bcf8bbe5724098217586683dcac9ed05897ea5a5be6a0353b338e0b478fba,optimal,solved,True,True,False,0.0011505249422043,0.0004158031661063,0.000360138,3.075925633311272e-06,5.957786925137043e-05,0.001649172976613,0.0907976368950187,0.0907976368950187,1.3877787807814457e-17,2.775557561562892e-17,152825856,,,,63094,b40x4-02,b40x4,f00c45ae3d571a1eabe9e66d6034b90683f83626
LP-MIXED,100,100,47,1,True,OSQP,021bcf8bbe5724098217586683dcac9ed05897ea5a5be6a0353b338e0b478fba,optimal,solved,True,True,False,0.0011619699653238,0.0004227948375046,0.000366867,3.176974132657051e-06,5.946913734078407e-05,0.001666136784479,0.0907976368950187,0.0907976368950187,1.3877787807814457e-17,2.775557561562892e-17,152825856,,,,63094,b40x4-02,b40x4,f00c45ae3d571a1eabe9e66d6034b90683f83626
LP-MIXED,100,100,47,2,True,OSQP,021bcf8bbe5724098217586683dcac9ed05897ea5a5be6a0353b338e0b478fba,optimal,solved,True,True,False,0.0011572891380637,0.0004176250658929,0.00036032,2.9280781745910645e-06,5.880789831280708e-05,0.0016548680141568,0.0907976368950187,0.0907976368950187,1.3877787807814457e-17,2.775557561562892e-17,152825856,,,,63094,b40x4-02,b40x4,f00c45ae3d571a1eabe9e66d6034b90683f83626
LP-MIXED,300,300,11,-1,False,OSQP,c09bbed4b30e0558a7d2b50a0b44d4bb683e4052825012e7b2d525e4160b6f90,optimal,solved,True,True,False,0.0035365270450711,0.0022877729497849,0.002172427,3.4139957278966904e-06,6.984290666878223e-05,0.0059160480741411,-0.0309430335353831,-0.0309430335353831,1.3877787807814457e-17,8.326672684688674e-17,152825856,,,,63094,b40x4-02,b40x4,f00c45ae3d571a1eabe9e66d6034b90683f83626
LP-MIXED,300,300,11,0,True,OSQP,c09bbed4b30e0558a7d2b50a0b44d4bb683e4052825012e7b2d525e4160b6f90,optimal,solved,True,True,False,0.003577466122806,0.0022952859289944,0.002178935,3.82494181394577e-06,7.686996832489967e-05,0.0059734070673584,-0.0309430335353831,-0.0309430335353831,1.3877787807814457e-17,8.326672684688674e-17,152825856,,,,63094,b40x4-02,b40x4,f00c45ae3d571a1eabe9e66d6034b90683f83626
LP-MIXED,300,300,11,1,True,OSQP,c09bbed4b30e0558a7d2b50a0b44d4bb683e4052825012e7b2d525e4160b6f90,optimal,solved,True,True,False,0.0035131410695612,0.0022983029484748,0.002181888,3.752997145056725e-06,6.999797187745571e-05,0.0059041487984359,-0.0309430335353831,-0.0309430335353831,1.3877787807814457e-17,8.326672684688674e-17,152825856,,,,63094,b40x4-02,b40x4,f00c45ae3d571a1eabe9e66d6034b90683f83626
LP-MIXED,300,300,11,2,True,OSQP,c09bbed4b30e0558a7d2b50a0b44d4bb683e4052825012e7b2d525e4160b6f90,optimal,solved,True,True,False,0.0035521169193089,0.0022932218853384,0.002176722,3.625871613621712e-06,7.079588249325752e-05,0.0059523729141801,-0.0309430335353831,-0.0309430335353831,1.3877787807814457e-17,8.326672684688674e-17,152825856,,,,63094,b40x4-02,b40x4,f00c45ae3d571a1eabe9e66d6034b90683f83626
LP-MIXED,300,300,29,-1,False,OSQP,5ab9c454bb3191e2a5918ac221940600efcd422f1a4108132ea0d28e71489349,optimal,solved,True,True,False,0.0036367860157042,0.0023826959077268,0.00226559,3.430992364883423e-06,6.918702274560928e-05,0.0061107871588319,-0.189365329918459,-0.1893653299184589,8.326672684688674e-17,4.163336342344337e-17,152825856,,,,63094,b40x4-02,b40x4,f00c45ae3d571a1eabe9e66d6034b90683f83626
LP-MIXED,300,300,29,0,True,OSQP,5ab9c454bb3191e2a5918ac221940600efcd422f1a4108132ea0d28e71489349,optimal,solved,True,True,False,0.0036913598887622,0.0023713130503892,0.002256648,3.492925316095352e-06,7.092906162142754e-05,0.0061562489718198,-0.189365329918459,-0.1893653299184589,8.326672684688674e-17,4.163336342344337e-17,152825856,,,,63094,b40x4-02,b40x4,f00c45ae3d571a1eabe9e66d6034b90683f83626
LP-MIXED,300,300,29,1,True,OSQP,5ab9c454bb3191e2a5918ac221940600efcd422f1a4108132ea0d28e71489349,optimal,solved,True,True,False,0.003638566005975,0.0023785280063748,0.002264667,3.3169053494930267e-06,7.130391895771027e-05,0.0061097319703549,-0.189365329918459,-0.1893653299184589,8.326672684688674e-17,4.163336342344337e-17,152825856,,,,63094,b40x4-02,b40x4,f00c45ae3d571a1eabe9e66d6034b90683f83626
LP-MIXED,300,300,29,2,True,OSQP,5ab9c454bb3191e2a5918ac221940600efcd422f1a4108132ea0d28e71489349,optimal,solved,True,True,False,0.0036407599691301,0.0023720390163362,0.00225818,3.780005499720573e-06,7.134303450584412e-05,0.0061219830531626,-0.189365329918459,-0.1893653299184589,8.326672684688674e-17,4.163336342344337e-17,152825856,,,,63094,b40x4-02,b40x4,f00c45ae3d571a1eabe9e66d6034b90683f83626
LP-MIXED,300,300,47,-1,False,OSQP,080bd3f855eb2b32c5dcf045586cbef9fc2c1547857207fc4f1ca6b8b5d4894c,optimal,solved,True,True,False,0.0036028008908033,0.0023224100004881,0.002209002,3.241002559661865e-06,6.991298869252205e-05,0.0060168469790369,-0.2092780457783702,-0.2092780457783703,2.775557561562892e-17,5.551115123125783e-17,152825856,,,,63094,b40x4-02,b40x4,f00c45ae3d571a1eabe9e66d6034b90683f83626
LP-MIXED,300,300,47,0,True,OSQP,080bd3f855eb2b32c5dcf045586cbef9fc2c1547857207fc4f1ca6b8b5d4894c,optimal,solved,True,True,False,0.0036032949574291,0.0023206018377095,0.002205634,3.417953848838806e-06,7.044011726975441e-05,0.0060170271899551,-0.2092780457783702,-0.2092780457783703,2.775557561562892e-17,5.551115123125783e-17,152825856,,,,63094,b40x4-02,b40x4,f00c45ae3d571a1eabe9e66d6034b90683f83626
LP-MIXED,300,300,47,1,True,OSQP,080bd3f855eb2b32c5dcf045586cbef9fc2c1547857207fc4f1ca6b8b5d4894c,optimal,solved,True,True,False,0.0036415238864719,0.0023214980028569,0.00220282,3.3581163734197617e-06,6.977817974984646e-05,0.006055423989892,-0.2092780457783702,-0.2092780457783703,2.775557561562892e-17,5.551115123125783e-17,152825856,,,,63094,b40x4-02,b40x4,f00c45ae3d571a1eabe9e66d6034b90683f83626
LP-MIXED,300,300,47,2,True,OSQP,080bd3f855eb2b32c5dcf045586cbef9fc2c1547857207fc4f1ca6b8b5d4894c,optimal,solved,True,True,False,0.0036164410412311,0.0023319961037486,0.002215133,3.9299484342336655e-06,7.192487828433514e-05,0.0060429451987147,-0.2092780457783702,-0.2092780457783703,2.775557561562892e-17,5.551115123125783e-17,152825856,,,,63094,b40x4-02,b40x4,f00c45ae3d571a1eabe9e66d6034b90683f83626
LP-MIXED,1000,1000,11,-1,False,OSQP,048e2c4c189ced5f153b92fc2040dbcfeef65cf7359b7794cec836fa5a8046b7,optimal,solved,True,True,False,0.0764794421847909,0.0237065339460968,0.023347903,6.261048838496208e-06,9.65101644396782e-05,0.1003060948569327,0.1539470785478117,0.1539470785478117,5.551115123125783e-17,8.326672684688674e-17,152825856,,,,63094,b40x4-02,b40x4,f00c45ae3d571a1eabe9e66d6034b90683f83626
LP-MIXED,1000,1000,11,0,True,OSQP,048e2c4c189ced5f153b92fc2040dbcfeef65cf7359b7794cec836fa5a8046b7,optimal,solved,True,True,False,0.0761382710188627,0.0237075260374695,0.023348358,5.976995453238487e-06,9.566498920321465e-05,0.0999666389543563,0.1539470785478117,0.1539470785478117,5.551115123125783e-17,8.326672684688674e-17,152825856,,,,63094,b40x4-02,b40x4,f00c45ae3d571a1eabe9e66d6034b90683f83626
LP-MIXED,1000,1000,11,1,True,OSQP,048e2c4c189ced5f153b92fc2040dbcfeef65cf7359b7794cec836fa5a8046b7,optimal,solved,True,True,False,0.0759980350267142,0.0236584139056503,0.023302324,5.667097866535187e-06,9.314995259046556e-05,0.0997772531118244,0.1539470785478117,0.1539470785478117,5.551115123125783e-17,8.326672684688674e-17,152825856,,,,63094,b40x4-02,b40x4,f00c45ae3d571a1eabe9e66d6034b90683f83626
LP-MIXED,1000,1000,11,2,True,OSQP,048e2c4c189ced5f153b92fc2040dbcfeef65cf7359b7794cec836fa5a8046b7,optimal,solved,True,True,False,0.0759510388597846,0.0236706738360226,0.023316167,5.577923730015755e-06,9.391410276293756e-05,0.0997446631081402,0.1539470785478117,0.1539470785478117,5.551115123125783e-17,8.326672684688674e-17,152825856,,,,63094,b40x4-02,b40x4,f00c45ae3d571a1eabe9e66d6034b90683f83626
LP-MIXED,1000,1000,29,-1,False,OSQP,2ce8f2c30f8b7125e019acdfa34bd4a2fd86cb34daccad04ceae1b0ca6913969,optimal,solved,True,True,False,0.0752328049857169,0.0234229280613362,0.023057003,6.019137799739838e-06,9.600911289453506e-05,0.0987758771516382,-0.1507531206872741,-0.150753120687274,1.6653345369377348e-16,5.551115123125783e-17,152825856,,,,63094,b40x4-02,b40x4,f00c45ae3d571a1eabe9e66d6034b90683f83626
LP-MIXED,1000,1000,29,0,True,OSQP,2ce8f2c30f8b7125e019acdfa34bd4a2fd86cb34daccad04ceae1b0ca6913969,optimal,solved,True,True,False,0.0751894661225378,0.023419264005497,0.023067213,6.0498714447021484e-06,9.618583135306837e-05,0.0987291580531746,-0.1507531206872741,-0.150753120687274,1.6653345369377348e-16,5.551115123125783e-17,152825856,,,,63094,b40x4-02,b40x4,f00c45ae3d571a1eabe9e66d6034b90683f83626
LP-MIXED,1000,1000,29,1,True,OSQP,2ce8f2c30f8b7125e019acdfa34bd4a2fd86cb34daccad04ceae1b0ca6913969,optimal,solved,True,True,False,0.0751915369182825,0.02343196189031,0.023074589,5.858950316905975e-06,9.577698074281216e-05,0.0987440249882638,-0.1507531206872741,-0.150753120687274,1.6653345369377348e-16,5.551115123125783e-17,152825856,,,,63094,b40x4-02,b40x4,f00c45ae3d571a1eabe9e66d6034b90683f83626
LP-MIXED,1000,1000,29,2,True,OSQP,2ce8f2c30f8b7125e019acdfa34bd4a2fd86cb34daccad04ceae1b0ca6913969,optimal,solved,True,True,False,0.0751927031669765,0.0233977199532091,0.023049729,5.936017259955406e-06,9.590410627424716e-05,0.0987104689702391,-0.1507531206872741,-0.150753120687274,1.6653345369377348e-16,5.551115123125783e-17,152825856,,,,63094,b40x4-02,b40x4,f00c45ae3d571a1eabe9e66d6034b90683f83626
LP-MIXED,1000,1000,47,-1,False,OSQP,c2ae60b8c42db5074dd3ec0a18c7257cd51430e1f612294b1b6516627ca89c3c,optimal,solved,True,True,False,0.0779359459411352,0.0237255010288208,0.023372071,5.898997187614441e-06,9.573693387210368e-05,0.1017811798956245,0.0037604165765065,0.0037604165765065,2.2117724318704287e-17,5.551115123125783e-17,152825856,,,,63094,b40x4-02,b40x4,f00c45ae3d571a1eabe9e66d6034b90683f83626
LP-MIXED,1000,1000,47,0,True,OSQP,c2ae60b8c42db5074dd3ec0a18c7257cd51430e1f612294b1b6516627ca89c3c,optimal,solved,True,True,False,0.0774003800470382,0.0237639369443058,0.023406788,5.995854735374451e-06,9.643402881920338e-05,0.1013010398019105,0.0037604165765065,0.0037604165765065,2.2117724318704287e-17,5.551115123125783e-17,152825856,,,,63094,b40x4-02,b40x4,f00c45ae3d571a1eabe9e66d6034b90683f83626
LP-MIXED,1000,1000,47,1,True,OSQP,c2ae60b8c42db5074dd3ec0a18c7257cd51430e1f612294b1b6516627ca89c3c,optimal,solved,True,True,False,0.0775574578437954,0.0237596279475837,0.023417155,5.574896931648254e-06,9.145401418209076e-05,0.1014473428949713,0.0037604165765065,0.0037604165765065,2.2117724318704287e-17,5.551115123125783e-17,152825856,,,,63094,b40x4-02,b40x4,f00c45ae3d571a1eabe9e66d6034b90683f83626
LP-MIXED,1000,1000,47,2,True,OSQP,c2ae60b8c42db5074dd3ec0a18c7257cd51430e1f612294b1b6516627ca89c3c,optimal,solved,True,True,False,0.0775053850375115,0.0237681579310446,0.023417696,5.548121407628059e-06,9.183702059090136e-05,0.1013897471129894,0.0037604165765065,0.0037604165765065,2.2117724318704287e-17,5.551115123125783e-17,152825856,,,,63094,b40x4-02,b40x4,f00c45ae3d571a1eabe9e66d6034b90683f83626
LP-MIXED,3000,3000,11,-1,False,OSQP,ffb94bf89a32c00f1d73deab102c97256ba8fb89ac4e922866a67a94c65a3d0e,optimal,solved,True,True,False,1.782380849821493,0.1930409539490938,0.191764611,2.03100498765707e-05,0.000356291886419,1.975834395037964,-0.0014337830299973,-0.0014337830299973,1.951563910473908e-18,1.1102230246251563e-16,156958720,,,,63094,b40x4-02,b40x4,f00c45ae3d571a1eabe9e66d6034b90683f83626
LP-MIXED,3000,3000,11,0,True,OSQP,ffb94bf89a32c00f1d73deab102c97256ba8fb89ac4e922866a67a94c65a3d0e,optimal,solved,True,True,False,1.7653228659182787,0.1928737140260636,0.191673057,7.797032594680786e-06,0.0002468819729983,1.9585181979928168,-0.0014337830299973,-0.0014337830299973,1.951563910473908e-18,1.1102230246251563e-16,156958720,,,,63094,b40x4-02,b40x4,f00c45ae3d571a1eabe9e66d6034b90683f83626
LP-MIXED,3000,3000,11,1,True,OSQP,ffb94bf89a32c00f1d73deab102c97256ba8fb89ac4e922866a67a94c65a3d0e,optimal,solved,True,True,False,1.7650870149955151,0.1933114600833505,0.192045284,9.411945939064026e-06,0.0001772050745785,1.958620361983776,-0.0014337830299973,-0.0014337830299973,1.951563910473908e-18,1.1102230246251563e-16,156958720,,,,63094,b40x4-02,b40x4,f00c45ae3d571a1eabe9e66d6034b90683f83626
LP-MIXED,3000,3000,11,2,True,OSQP,ffb94bf89a32c00f1d73deab102c97256ba8fb89ac4e922866a67a94c65a3d0e,optimal,solved,True,True,False,1.7643346309196204,0.1928506079129874,0.191653038,7.909024134278297e-06,0.0001523960381746,1.9573815010953688,-0.0014337830299973,-0.0014337830299973,1.951563910473908e-18,1.1102230246251563e-16,156958720,,,,63094,b40x4-02,b40x4,f00c45ae3d571a1eabe9e66d6034b90683f83626
LP-MIXED,3000,3000,29,-1,False,OSQP,d460ea85b2ea53242a85f7afed94cb55bd72471ed0725604118dccfc71d62647,optimal,solved,True,True,False,1.7472392341587692,0.1912289808969944,0.189981814,1.0051997378468512e-05,0.0001732520759105,1.9386761409696192,-0.1511464095073252,-0.1511464095073253,1.3877787807814454e-16,1.1102230246251563e-16,156958720,,,,63094,b40x4-02,b40x4,f00c45ae3d571a1eabe9e66d6034b90683f83626
LP-MIXED,3000,3000,29,0,True,OSQP,d460ea85b2ea53242a85f7afed94cb55bd72471ed0725604118dccfc71d62647,optimal,solved,True,True,False,1.7475843071006238,0.1911171749234199,0.189863455,9.641051292419434e-06,0.0001805119682103,1.9389296569861472,-0.1511464095073252,-0.1511464095073253,1.3877787807814454e-16,1.1102230246251563e-16,156958720,,,,63094,b40x4-02,b40x4,f00c45ae3d571a1eabe9e66d6034b90683f83626
LP-MIXED,3000,3000,29,1,True,OSQP,d460ea85b2ea53242a85f7afed94cb55bd72471ed0725604118dccfc71d62647,optimal,solved,True,True,False,1.7479625870473685,0.191133685875684,0.189890462,8.116941899061203e-06,0.000166157959029,1.939310944871977,-0.1511464095073252,-0.1511464095073253,1.3877787807814454e-16,1.1102230246251563e-16,156958720,,,,63094,b40x4-02,b40x4,f00c45ae3d571a1eabe9e66d6034b90683f83626
LP-MIXED,3000,3000,29,2,True,OSQP,d460ea85b2ea53242a85f7afed94cb55bd72471ed0725604118dccfc71d62647,optimal,solved,True,True,False,1.7475819131359458,0.1912076699081808,0.189967759,9.88389365375042e-06,0.0001812281552702,1.939019084908068,-0.1511464095073252,-0.1511464095073253,1.3877787807814454e-16,1.1102230246251563e-16,156958720,,,,63094,b40x4-02,b40x4,f00c45ae3d571a1eabe9e66d6034b90683f83626
LP-MIXED,3000,3000,47,-1,False,OSQP,cb952609e9169ed3469f2740483b60fe69fe33667e1377e82aaeea168297e7c8,optimal,solved,True,True,False,1.7778450199402869,0.195643289014697,0.194358478,8.437084034085274e-06,0.0001558039803057,1.9736759311053904,0.005467298232217,0.005467298232217,3.816391647148976e-17,1.1102230246251563e-16,157483008,,,,63094,b40x4-02,b40x4,f00c45ae3d571a1eabe9e66d6034b90683f83626
LP-MIXED,3000,3000,47,0,True,OSQP,cb952609e9169ed3469f2740483b60fe69fe33667e1377e82aaeea168297e7c8,optimal,solved,True,True,False,1.7777119679376483,0.1956610479392111,0.194412261,9.451992809772491e-06,0.0001719070132821,1.9735837811604144,0.005467298232217,0.005467298232217,3.816391647148976e-17,1.1102230246251563e-16,157483008,,,,63094,b40x4-02,b40x4,f00c45ae3d571a1eabe9e66d6034b90683f83626
LP-MIXED,3000,3000,47,1,True,OSQP,cb952609e9169ed3469f2740483b60fe69fe33667e1377e82aaeea168297e7c8,optimal,solved,True,True,False,1.7771734760608524,0.1955052479170262,0.194262681,9.211944416165352e-06,0.0001731580123305,1.972898312844336,0.005467298232217,0.005467298232217,3.816391647148976e-17,1.1102230246251563e-16,157483008,,,,63094,b40x4-02,b40x4,f00c45ae3d571a1eabe9e66d6034b90683f83626
LP-MIXED,3000,3000,47,2,True,OSQP,cb952609e9169ed3469f2740483b60fe69fe33667e1377e82aaeea168297e7c8,optimal,solved,True,True,False,1.7697626829613,0.1916946049313992,0.190458557,1.254398375749588e-05,0.0001582510303705,1.9616666669026013,0.005467298232217,0.005467298232217,3.816391647148976e-17,1.1102230246251563e-16,157483008,,,,63094,b40x4-02,b40x4,f00c45ae3d571a1eabe9e66d6034b90683f83626
LP-MIXED,10000,10000,11,-1,False,OSQP,de2a27f9e5a382272c15bf3fd39e8c3d82423d06e2391645b0fe14dc004de7eb,optimal,solved,True,True,False,120.3770137608517,3.301105102989822,3.292116431,2.210005186498165e-05,0.0004383269697427,123.67861027386972,0.110579890903035,0.1105798909030352,2.0816681711721683e-16,1.6653345369377348e-16,642887680,,,,63094,b40x4-02,b40x4,f00c45ae3d571a1eabe9e66d6034b90683f83626
LP-MIXED,10000,10000,11,0,True,OSQP,de2a27f9e5a382272c15bf3fd39e8c3d82423d06e2391645b0fe14dc004de7eb,optimal,solved,True,True,False,120.00063866586424,3.299387897131965,3.290837077,1.4387071132659912e-05,0.0003357760142534,123.30042995116672,0.110579890903035,0.1105798909030352,2.0816681711721683e-16,1.6653345369377348e-16,642887680,,,,63094,b40x4-02,b40x4,f00c45ae3d571a1eabe9e66d6034b90683f83626
LP-MIXED,10000,10000,11,1,True,OSQP,de2a27f9e5a382272c15bf3fd39e8c3d82423d06e2391645b0fe14dc004de7eb,optimal,solved,True,True,False,120.10116662015209,3.3013687250204384,3.292870005,2.255500294268132e-05,0.0003527561202645,123.40295971184968,0.110579890903035,0.1105798909030352,2.0816681711721683e-16,1.6653345369377348e-16,642887680,,,,63094,b40x4-02,b40x4,f00c45ae3d571a1eabe9e66d6034b90683f83626
LP-MIXED,10000,10000,11,2,True,OSQP,de2a27f9e5a382272c15bf3fd39e8c3d82423d06e2391645b0fe14dc004de7eb,optimal,solved,True,True,False,120.25688129104674,3.298289030091837,3.289771555,1.509510912001133e-05,0.0003317000810056,123.5555546239484,0.110579890903035,0.1105798909030352,2.0816681711721683e-16,1.6653345369377348e-16,642887680,,,,63094,b40x4-02,b40x4,f00c45ae3d571a1eabe9e66d6034b90683f83626
LP-MIXED,10000,10000,29,-1,False,OSQP,483d1af2b65793750e4585f08c8adb3d3d3de9fd74cb4b080d7dc61fe08e94cd,optimal,solved,True,True,False,120.82458496489562,3.311581642134115,3.303050376,1.6819918528199196e-05,0.0003626879770308,124.1365947278682,-0.026188175852244,-0.0261881758522439,3.4694469519536136e-17,1.1102230246251563e-16,643956736,,,,63094,b40x4-02,b40x4,f00c45ae3d571a1eabe9e66d6034b90683f83626
LP-MIXED,10000,10000,29,0,True,OSQP,483d1af2b65793750e4585f08c8adb3d3d3de9fd74cb4b080d7dc61fe08e94cd,optimal,solved,True,True,False,121.38250288902782,3.311962388921529,3.303119734,2.792314626276493e-05,0.0006448901258409,124.69520362303592,-0.026188175852244,-0.0261881758522439,3.4694469519536136e-17,1.1102230246251563e-16,643956736,,,,63094,b40x4-02,b40x4,f00c45ae3d571a1eabe9e66d6034b90683f83626
LP-MIXED,10000,10000,29,1,True,OSQP,483d1af2b65793750e4585f08c8adb3d3d3de9fd74cb4b080d7dc61fe08e94cd,optimal,solved,True,True,False,120.98893777793272,3.3181974510662258,3.309384784,2.970104105770588e-05,0.0006338590756058,124.30787746678106,-0.026188175852244,-0.0261881758522439,3.4694469519536136e-17,1.1102230246251563e-16,643964928,,,,63094,b40x4-02,b40x4,f00c45ae3d571a1eabe9e66d6034b90683f83626
LP-MIXED,10000,10000,29,2,True,OSQP,483d1af2b65793750e4585f08c8adb3d3d3de9fd74cb4b080d7dc61fe08e94cd,optimal,solved,True,True,False,120.88712688116355,3.319814804010093,3.310933457,1.75421591848135e-05,0.000582929002121,124.20761883701198,-0.026188175852244,-0.0261881758522439,3.4694469519536136e-17,1.1102230246251563e-16,643964928,,,,63094,b40x4-02,b40x4,f00c45ae3d571a1eabe9e66d6034b90683f83626
LP-MIXED,10000,10000,47,-1,False,OSQP,8181413373a165ad84a01bfe7fcedcd44271a7c9b84fef3be6cd6089125f0b7a,optimal,solved,True,True,False,119.71269723889418,3.3075680809561163,3.298384676,2.7555041015148163e-05,0.0006405229214578,123.0209915181622,-0.0196489372576286,-0.0196489372576286,1.7347234759768068e-17,8.326672684688674e-17,642916352,,,,63094,b40x4-02,b40x4,f00c45ae3d571a1eabe9e66d6034b90683f83626
LP-MIXED,10000,10000,47,0,True,OSQP,8181413373a165ad84a01bfe7fcedcd44271a7c9b84fef3be6cd6089125f0b7a,optimal,solved,True,True,False,119.79600445181131,3.310395999113098,3.301273922,2.6582973077893257e-05,0.0006421378348022,123.10715285502374,-0.0196489372576286,-0.0196489372576286,1.7347234759768068e-17,8.326672684688674e-17,642916352,,,,63094,b40x4-02,b40x4,f00c45ae3d571a1eabe9e66d6034b90683f83626
LP-MIXED,10000,10000,47,1,True,OSQP,8181413373a165ad84a01bfe7fcedcd44271a7c9b84fef3be6cd6089125f0b7a,optimal,solved,True,True,False,119.46687547303736,3.300194449955597,3.291073746,2.9061920940876007e-05,0.0006334378849714,122.76781689585188,-0.0196489372576286,-0.0196489372576286,1.7347234759768068e-17,8.326672684688674e-17,642916352,,,,63094,b40x4-02,b40x4,f00c45ae3d571a1eabe9e66d6034b90683f83626
LP-MIXED,10000,10000,47,2,True,OSQP,8181413373a165ad84a01bfe7fcedcd44271a7c9b84fef3be6cd6089125f0b7a,optimal,solved,True,True,False,119.46273340005428,3.2910295298788697,3.281857898,3.107707016170025e-05,0.0006375841330736,122.75451371003874,-0.0196489372576286,-0.0196489372576286,1.7347234759768068e-17,8.326672684688674e-17,642916352,,,,63094,b40x4-02,b40x4,f00c45ae3d571a1eabe9e66d6034b90683f83626
QP-DIAGONAL,100,50,11,-1,False,OSQP,632e4483ff82616433ab0b7a6c42413d0e283efb7993d14e5b61237a99aaf163,optimal,solved,True,True,False,0.0012513571418821,0.0003045268822461,0.000237035,3.1569506973028183e-06,6.194203160703182e-05,0.0016891870182007,-0.9391529112644652,-0.9391529112644652,0.0,1.1102230246251563e-16,157691904,,,,63094,b40x4-02,b40x4,f00c45ae3d571a1eabe9e66d6034b90683f83626
QP-DIAGONAL,100,50,11,0,True,OSQP,632e4483ff82616433ab0b7a6c42413d0e283efb7993d14e5b61237a99aaf163,optimal,solved,True,True,False,0.0009840540587902,0.0002804261166602,0.000224689,2.858927473425865e-06,5.643302574753761e-05,0.0013601090759038,-0.9391529112644652,-0.9391529112644652,0.0,1.1102230246251563e-16,157691904,,,,63094,b40x4-02,b40x4,f00c45ae3d571a1eabe9e66d6034b90683f83626
QP-DIAGONAL,100,50,11,1,True,OSQP,632e4483ff82616433ab0b7a6c42413d0e283efb7993d14e5b61237a99aaf163,optimal,solved,True,True,False,0.0009147999808192,0.0002767390105873,0.000228282,2.843094989657402e-06,6.011896766722202e-05,0.0012745598796755,-0.9391529112644652,-0.9391529112644652,0.0,1.1102230246251563e-16,157691904,,,,63094,b40x4-02,b40x4,f00c45ae3d571a1eabe9e66d6034b90683f83626
QP-DIAGONAL,100,50,11,2,True,OSQP,632e4483ff82616433ab0b7a6c42413d0e283efb7993d14e5b61237a99aaf163,optimal,solved,True,True,False,0.0008990839123725,0.0002710588742047,0.000228066,2.854038029909134e-06,6.645685061812401e-05,0.0012592850252985,-0.9391529112644652,-0.9391529112644652,0.0,1.1102230246251563e-16,157691904,,,,63094,b40x4-02,b40x4,f00c45ae3d571a1eabe9e66d6034b90683f83626
QP-DIAGONAL,100,50,29,-1,False,OSQP,1884f5c93ea8350670091d40c366e299372ae55f0c70d1970b2f7f368056b863,optimal,solved,True,True,False,0.0008465580176562,0.0001930939033627,0.000142679,2.470100298523903e-06,5.2445800974965096e-05,0.0011134909000247,-0.912327903060505,-0.9123279030605048,1.1102230246251563e-16,5.551115123125783e-17,157691904,,,,63094,b40x4-02,b40x4,f00c45ae3d571a1eabe9e66d6034b90683f83626
QP-DIAGONAL,100,50,29,0,True,OSQP,1884f5c93ea8350670091d40c366e299372ae55f0c70d1970b2f7f368056b863,optimal,solved,True,True,False,0.0009049389045685,0.0001845348160713,0.000141764,2.8260983526706696e-06,5.431193858385086e-05,0.0011662251781672,-0.912327903060505,-0.9123279030605048,1.1102230246251563e-16,5.551115123125783e-17,157691904,,,,63094,b40x4-02,b40x4,f00c45ae3d571a1eabe9e66d6034b90683f83626
QP-DIAGONAL,100,50,29,1,True,OSQP,1884f5c93ea8350670091d40c366e299372ae55f0c70d1970b2f7f368056b863,optimal,solved,True,True,False,0.00088283396326,0.0001849639229476,0.00014291,3.06498259305954e-06,6.374809890985489e-05,0.0011549841146916,-0.912327903060505,-0.9123279030605048,1.1102230246251563e-16,5.551115123125783e-17,157691904,,,,63094,b40x4-02,b40x4,f00c45ae3d571a1eabe9e66d6034b90683f83626
QP-DIAGONAL,100,50,29,2,True,OSQP,1884f5c93ea8350670091d40c366e299372ae55f0c70d1970b2f7f368056b863,optimal,solved,True,True,False,0.0008677821606397,0.0001911660656332,0.000147114,2.676853910088539e-06,5.556922405958176e-05,0.0011371839791536,-0.912327903060505,-0.9123279030605048,1.1102230246251563e-16,5.551115123125783e-17,157691904,,,,63094,b40x4-02,b40x4,f00c45ae3d571a1eabe9e66d6034b90683f83626
QP-DIAGONAL,100,50,47,-1,False,OSQP,36eb5237e2001eecd5383be62f510e35385e56b97cf09a55cc902e3ac93d0437,optimal,solved,True,True,False,0.000859502935782,0.0003082721959799,0.000257361,2.590939402580261e-06,5.125999450683594e-05,0.0012393710203468,-1.09263520244963,-1.09263520244963,0.0,0.0,157691904,,,,63094,b40x4-02,b40x4,f00c45ae3d571a1eabe9e66d6034b90683f83626
QP-DIAGONAL,100,50,47,0,True,OSQP,36eb5237e2001eecd5383be62f510e35385e56b97cf09a55cc902e3ac93d0437,optimal,solved,True,True,False,0.0008781889919191,0.0002785348333418,0.000234339,2.8240028768777847e-06,5.640089511871338e-05,0.0012353251222521,-1.09263520244963,-1.09263520244963,0.0,0.0,157691904,,,,63094,b40x4-02,b40x4,f00c45ae3d571a1eabe9e66d6034b90683f83626
QP-DIAGONAL,100,50,47,1,True,OSQP,36eb5237e2001eecd5383be62f510e35385e56b97cf09a55cc902e3ac93d0437,optimal,solved,True,True,False,0.0008785550016909,0.0002790759317576,0.000235669,2.779066562652588e-06,5.5802054703235626e-05,0.0012344468850642,-1.09263520244963,-1.09263520244963,0.0,0.0,157691904,,,,63094,b40x4-02,b40x4,f00c45ae3d571a1eabe9e66d6034b90683f83626
QP-DIAGONAL,100,50,47,2,True,OSQP,36eb5237e2001eecd5383be62f510e35385e56b97cf09a55cc902e3ac93d0437,optimal,solved,True,True,False,0.00089220283553,0.0002690239343792,0.000229175,2.756016328930855e-06,5.5347103625535965e-05,0.0012396681122481,-1.09263520244963,-1.09263520244963,0.0,0.0,157691904,,,,63094,b40x4-02,b40x4,f00c45ae3d571a1eabe9e66d6034b90683f83626
QP-DIAGONAL,300,150,11,-1,False,OSQP,6da69fe61b6c8a147793964c0f98c6a9e5887b49841bddac7b132db84d1a3f3f,optimal,solved,True,True,False,0.0014130249619483,0.0007318649441003,0.000674367,2.742046490311622e-06,5.8714067563414574e-05,0.0022250330075621,-0.8969479271396026,-0.8969479271396027,1.1102230246251563e-16,5.551115123125783e-17,157691904,,,,63094,b40x4-02,b40x4,f00c45ae3d571a1eabe9e66d6034b90683f83626
QP-DIAGONAL,300,150,11,0,True,OSQP,6da69fe61b6c8a147793964c0f98c6a9e5887b49841bddac7b132db84d1a3f3f,optimal,solved,True,True,False,0.0014544739387929,0.0007264271844178,0.000668136,2.955785021185875e-06,6.059091538190842e-05,0.0022639839444309,-0.8969479271396026,-0.8969479271396027,1.1102230246251563e-16,5.551115123125783e-17,157691904,,,,63094,b40x4-02,b40x4,f00c45ae3d571a1eabe9e66d6034b90683f83626
QP-DIAGONAL,300,150,11,1,True,OSQP,6da69fe61b6c8a147793964c0f98c6a9e5887b49841bddac7b132db84d1a3f3f,optimal,solved,True,True,False,0.0014295298606157,0.0007245840970426,0.000666071,3.193039447069168e-06,6.05748500674963e-05,0.0022371411323547,-0.8969479271396026,-0.8969479271396027,1.1102230246251563e-16,5.551115123125783e-17,157691904,,,,63094,b40x4-02,b40x4,f00c45ae3d571a1eabe9e66d6034b90683f83626
QP-DIAGONAL,300,150,11,2,True,OSQP,6da69fe61b6c8a147793964c0f98c6a9e5887b49841bddac7b132db84d1a3f3f,optimal,solved,True,True,False,0.0014493709895759,0.0007226089946925,0.000665726,2.868007868528366e-06,5.963095463812351e-05,0.0022546600084751,-0.8969479271396026,-0.8969479271396027,1.1102230246251563e-16,5.551115123125783e-17,157691904,,,,63094,b40x4-02,b40x4,f00c45ae3d571a1eabe9e66d6034b90683f83626
QP-DIAGONAL,300,150,29,-1,False,OSQP,2e416737c164c9f2751df12ba8173cb09419f069b4db97bfadddb9a33fc539ba,optimal,solved,True,True,False,0.0014200571458786,0.0003771069459617,0.000352249,2.8570648282766342e-06,5.85261732339859e-05,0.0018774589989334,-0.791193593808619,-0.7911935938086186,3.3306690738754696e-16,0.0,157691904,,,,63094,b40x4-02,b40x4,f00c45ae3d571a1eabe9e66d6034b90683f83626
QP-DIAGONAL,300,150,29,0,True,OSQP,2e416737c164c9f2751df12ba8173cb09419f069b4db97bfadddb9a33fc539ba,optimal,solved,True,True,False,0.0014329808764159,0.000383028993383,0.000359588,3.017950803041458e-06,5.894899368286133e-05,0.0018962558824568,-0.791193593808619,-0.7911935938086186,3.3306690738754696e-16,0.0,157691904,,,,63094,b40x4-02,b40x4,f00c45ae3d571a1eabe9e66d6034b90683f83626
QP-DIAGONAL,300,150,29,1,True,OSQP,2e416737c164c9f2751df12ba8173cb09419f069b4db97bfadddb9a33fc539ba,optimal,solved,True,True,False,0.0014455649070441,0.0003722731489688,0.000348284,3.084074705839157e-06,6.438698619604111e-05,0.0019049239344894,-0.791193593808619,-0.7911935938086186,3.3306690738754696e-16,0.0,157691904,,,,63094,b40x4-02,b40x4,f00c45ae3d571a1eabe9e66d6034b90683f83626
QP-DIAGONAL,300,150,29,2,True,OSQP,2e416737c164c9f2751df12ba8173cb09419f069b4db97bfadddb9a33fc539ba,optimal,solved,True,True,False,0.0014566271565854,0.0003713970072567,0.000348194,3.0419323593378067e-06,5.866400897502899e-05,0.0019220830872654,-0.791193593808619,-0.7911935938086186,3.3306690738754696e-16,0.0,157691904,,,,63094,b40x4-02,b40x4,f00c45ae3d571a1eabe9e66d6034b90683f83626
QP-DIAGONAL,300,150,47,-1,False,OSQP,3d56bc11e5f53d51b3a6b29e6bc8a0bb56d73364046b91cd3f69ed81921e0655,optimal,solved,True,True,False,0.0014193379320204,0.0006904390174895,0.000666928,2.8780195862054825e-06,5.917181260883808e-05,0.0021907889749854,-0.8723545098072951,-0.872354509807297,1.887379141862766e-15,0.0,157691904,,,,63094,b40x4-02,b40x4,f00c45ae3d571a1eabe9e66d6034b90683f83626
QP-DIAGONAL,300,150,47,0,True,OSQP,3d56bc11e5f53d51b3a6b29e6bc8a0bb56d73364046b91cd3f69ed81921e0655,optimal,solved,True,True,False,0.0014016539789736,0.0006923670880496,0.000668032,3.040069714188576e-06,5.875201895833016e-05,0.0021795451175421,-0.8723545098072951,-0.872354509807297,1.887379141862766e-15,0.0,157691904,,,,63094,b40x4-02,b40x4,f00c45ae3d571a1eabe9e66d6034b90683f83626
QP-DIAGONAL,300,150,47,1,True,OSQP,3d56bc11e5f53d51b3a6b29e6bc8a0bb56d73364046b91cd3f69ed81921e0655,optimal,solved,True,True,False,0.0014220089651644,0.0006817248649895,0.000657763,3.074994310736656e-06,6.03608787059784e-05,0.0021859898697584,-0.8723545098072951,-0.872354509807297,1.887379141862766e-15,0.0,157691904,,,,63094,b40x4-02,b40x4,f00c45ae3d571a1eabe9e66d6034b90683f83626
QP-DIAGONAL,300,150,47,2,True,OSQP,3d56bc11e5f53d51b3a6b29e6bc8a0bb56d73364046b91cd3f69ed81921e0655,optimal,solved,True,True,False,0.00142423203215,0.0006807409226894,0.000657701,3.322027623653412e-06,5.939602851867676e-05,0.0021873321384191,-0.8723545098072951,-0.872354509807297,1.887379141862766e-15,0.0,157691904,,,,63094,b40x4-02,b40x4,f00c45ae3d571a1eabe9e66d6034b90683f83626
QP-DIAGONAL,1000,500,11,-1,False,OSQP,4b7d693e8e9cb9d30254aedc4654cf5b659b27dfff3842e6295e4036acd95811,optimal,solved,True,True,False,0.0080907731316983,0.0050619440153241,0.004930374,4.948116838932037e-06,8.705421350896358e-05,0.0132633228786289,-0.8433628028590691,-0.8433628028590688,2.220446049250313e-16,0.0,157691904,,,,63094,b40x4-02,b40x4,f00c45ae3d571a1eabe9e66d6034b90683f83626
QP-DIAGONAL,1000,500,11,0,True,OSQP,4b7d693e8e9cb9d30254aedc4654cf5b659b27dfff3842e6295e4036acd95811,optimal,solved,True,True,False,0.0080700521357357,0.0050482011865824,0.004919208,4.918081685900688e-06,8.621695451438427e-05,0.0132287989836186,-0.8433628028590691,-0.8433628028590688,2.220446049250313e-16,0.0,157691904,,,,63094,b40x4-02,b40x4,f00c45ae3d571a1eabe9e66d6034b90683f83626
QP-DIAGONAL,1000,500,11,1,True,OSQP,4b7d693e8e9cb9d30254aedc4654cf5b659b27dfff3842e6295e4036acd95811,optimal,solved,True,True,False,0.0080357110127806,0.0050744418986141,0.004945435,5.10108657181263e-06,8.628098294138908e-05,0.0132359960116446,-0.8433628028590691,-0.8433628028590688,2.220446049250313e-16,0.0,157691904,,,,63094,b40x4-02,b40x4,f00c45ae3d571a1eabe9e66d6034b90683f83626
QP-DIAGONAL,1000,500,11,2,True,OSQP,4b7d693e8e9cb9d30254aedc4654cf5b659b27dfff3842e6295e4036acd95811,optimal,solved,True,True,False,0.0080183970276266,0.0050411541014909,0.004913407,5.202833563089371e-06,8.56020487844944e-05,0.013169300975278,-0.8433628028590691,-0.8433628028590688,2.220446049250313e-16,0.0,157691904,,,,63094,b40x4-02,b40x4,f00c45ae3d571a1eabe9e66d6034b90683f83626
QP-DIAGONAL,1000,500,29,-1,False,OSQP,6885337cc5de54c9c78188968ebc724408b14ff25c880548b38ebf449d74e93b,optimal,solved,True,True,False,0.0081345851067453,0.0050839448813349,0.004954338,4.942063242197037e-06,8.565210737287998e-05,0.0133271811064332,-0.8672798266955428,-0.8672798266955424,4.440892098500626e-16,0.0,157691904,,,,63094,b40x4-02,b40x4,f00c45ae3d571a1eabe9e66d6034b90683f83626
QP-DIAGONAL,1000,500,29,0,True,OSQP,6885337cc5de54c9c78188968ebc724408b14ff25c880548b38ebf449d74e93b,optimal,solved,True,True,False,0.0081460389774292,0.0050950730219483,0.004965751,5.370005965232849e-06,8.579413406550884e-05,0.0133506329730153,-0.8672798266955428,-0.8672798266955424,4.440892098500626e-16,0.0,157691904,,,,63094,b40x4-02,b40x4,f00c45ae3d571a1eabe9e66d6034b90683f83626
QP-DIAGONAL,1000,500,29,1,True,OSQP,6885337cc5de54c9c78188968ebc724408b14ff25c880548b38ebf449d74e93b,optimal,solved,True,True,False,0.0081677641719579,0.0051188580691814,0.004984147,5.190959200263023e-06,8.602114394307137e-05,0.0134110611397773,-0.8672798266955428,-0.8672798266955424,4.440892098500626e-16,0.0,157691904,,,,63094,b40x4-02,b40x4,f00c45ae3d571a1eabe9e66d6034b90683f83626
QP-DIAGONAL,1000,500,29,2,True,OSQP,6885337cc5de54c9c78188968ebc724408b14ff25c880548b38ebf449d74e93b,optimal,solved,True,True,False,0.0081963399425148,0.0050937430933117,0.004959626,5.190959200263023e-06,8.55152029544115e-05,0.0134148451033979,-0.8672798266955428,-0.8672798266955424,4.440892098500626e-16,0.0,157691904,,,,63094,b40x4-02,b40x4,f00c45ae3d571a1eabe9e66d6034b90683f83626
QP-DIAGONAL,1000,500,47,-1,False,OSQP,68ac0271479b80e2f5e8952f463cad92de855c8eeea09a9889e8d296301cd0c6,optimal,solved,True,True,False,0.0082051090430468,0.0051047159358859,0.004968248,5.166977643966675e-06,8.695200085639954e-05,0.0134185820352286,-0.9328209003181288,-0.9328209003181298,8.881784197001252e-16,1.3877787807814457e-17,157691904,,,,63094,b40x4-02,b40x4,f00c45ae3d571a1eabe9e66d6034b90683f83626
QP-DIAGONAL,1000,500,47,0,True,OSQP,68ac0271479b80e2f5e8952f463cad92de855c8eeea09a9889e8d296301cd0c6,optimal,solved,True,True,False,0.0081815940793603,0.0050850070547312,0.004957153,5.642184987664223e-06,8.652010001242161e-05,0.0133782739285379,-0.9328209003181288,-0.9328209003181298,8.881784197001252e-16,1.3877787807814457e-17,157691904,,,,63094,b40x4-02,b40x4,f00c45ae3d571a1eabe9e66d6034b90683f83626
QP-DIAGONAL,1000,500,47,1,True,OSQP,68ac0271479b80e2f5e8952f463cad92de855c8eeea09a9889e8d296301cd0c6,optimal,solved,True,True,False,0.0082045840099453,0.0050961470697075,0.004966706,5.162088200449944e-06,8.58488492667675e-05,0.0134097170084714,-0.9328209003181288,-0.9328209003181298,8.881784197001252e-16,1.3877787807814457e-17,157691904,,,,63094,b40x4-02,b40x4,f00c45ae3d571a1eabe9e66d6034b90683f83626
QP-DIAGONAL,1000,500,47,2,True,OSQP,68ac0271479b80e2f5e8952f463cad92de855c8eeea09a9889e8d296301cd0c6,optimal,solved,True,True,False,0.0081776878796517,0.0050878238398581,0.004956568,5.281064659357071e-06,8.678389713168144e-05,0.0133756080176681,-0.9328209003181288,-0.9328209003181298,8.881784197001252e-16,1.3877787807814457e-17,157691904,,,,63094,b40x4-02,b40x4,f00c45ae3d571a1eabe9e66d6034b90683f83626
QP-DIAGONAL,3000,1500,11,-1,False,OSQP,31effa791352bc40a60e6a25eedc30a9319ed24ef65cad35f2b5072a40d7c008,optimal,solved,True,True,False,0.1764966361224651,0.0217205411754548,0.021649207,5.063135176897049e-06,0.0001249560154974,0.1983657628297805,-0.878591004684821,-0.878591004684821,0.0,0.0,157691904,,,,63094,b40x4-02,b40x4,f00c45ae3d571a1eabe9e66d6034b90683f83626
QP-DIAGONAL,3000,1500,11,0,True,OSQP,31effa791352bc40a60e6a25eedc30a9319ed24ef65cad35f2b5072a40d7c008,optimal,solved,True,True,False,0.175470134941861,0.0216831939760595,0.021616289,5.673849955201149e-06,0.0001119188964366,0.197290234034881,-0.878591004684821,-0.878591004684821,0.0,0.0,157691904,,,,63094,b40x4-02,b40x4,f00c45ae3d571a1eabe9e66d6034b90683f83626
QP-DIAGONAL,3000,1500,11,1,True,OSQP,31effa791352bc40a60e6a25eedc30a9319ed24ef65cad35f2b5072a40d7c008,optimal,solved,True,True,False,0.1754869611468166,0.0217006409075111,0.021634619,5.441019311547279e-06,0.0001137368381023,0.1973252980969846,-0.878591004684821,-0.878591004684821,0.0,0.0,157691904,,,,63094,b40x4-02,b40x4,f00c45ae3d571a1eabe9e66d6034b90683f83626
QP-DIAGONAL,3000,1500,11,2,True,OSQP,31effa791352bc40a60e6a25eedc30a9319ed24ef65cad35f2b5072a40d7c008,optimal,solved,True,True,False,0.1755736998748034,0.0216878799255937,0.021621335,5.896901711821556e-06,0.0001104839611798,0.1974123218096792,-0.878591004684821,-0.878591004684821,0.0,0.0,157691904,,,,63094,b40x4-02,b40x4,f00c45ae3d571a1eabe9e66d6034b90683f83626
QP-DIAGONAL,3000,1500,29,-1,False,OSQP,0bed01a713bc5fd1d85553c6c34c82178570394d7ed8a3f1652427a2f73c5e7d,optimal,solved,True,True,False,0.1740431610960513,0.0211875450331717,0.021121254,5.560927093029022e-06,0.0001112080644816,0.1953652598895132,-0.8760704068034273,-0.8760704068034261,1.2212453270876722e-15,0.0,157691904,,,,63094,b40x4-02,b40x4,f00c45ae3d571a1eabe9e66d6034b90683f83626
QP-DIAGONAL,3000,1500,29,0,True,OSQP,0bed01a713bc5fd1d85553c6c34c82178570394d7ed8a3f1652427a2f73c5e7d,optimal,solved,True,True,False,0.174582869047299,0.0211352719925344,0.02106219,6.0258898884058e-06,0.0001156840007752,0.1958739708643406,-0.8760704068034273,-0.8760704068034261,1.2212453270876722e-15,0.0,157691904,,,,63094,b40x4-02,b40x4,f00c45ae3d571a1eabe9e66d6034b90683f83626
QP-DIAGONAL,3000,1500,29,1,True,OSQP,0bed01a713bc5fd1d85553c6c34c82178570394d7ed8a3f1652427a2f73c5e7d,optimal,solved,True,True,False,0.1670948269311338,0.0206416328437626,0.020574389,5.693873390555382e-06,0.0001074399333447,0.187875895993784,-0.8760704068034273,-0.8760704068034261,1.2212453270876722e-15,0.0,157691904,,,,63094,b40x4-02,b40x4,f00c45ae3d571a1eabe9e66d6034b90683f83626
QP-DIAGONAL,3000,1500,29,2,True,OSQP,0bed01a713bc5fd1d85553c6c34c82178570394d7ed8a3f1652427a2f73c5e7d,optimal,solved,True,True,False,0.1673677400685846,0.0206165560521185,0.0205439,5.831010639667511e-06,0.0001145240385085,0.1881224010139703,-0.8760704068034273,-0.8760704068034261,1.2212453270876722e-15,0.0,157691904,,,,63094,b40x4-02,b40x4,f00c45ae3d571a1eabe9e66d6034b90683f83626
QP-DIAGONAL,3000,1500,47,-1,False,OSQP,160d48f3c7037bdf371120da5839f28ebf77b9ea1b54a13c36c5f04ac397c693,optimal,solved,True,True,False,0.1673315439838916,0.020684785908088,0.020620897,5.309935659170151e-06,0.0001094487961381,0.1881487059872597,-0.905654217318283,-0.9056542173182788,4.218847493575595e-15,0.0,157691904,,,,63094,b40x4-02,b40x4,f00c45ae3d571a1eabe9e66d6034b90683f83626
QP-DIAGONAL,3000,1500,47,0,True,OSQP,160d48f3c7037bdf371120da5839f28ebf77b9ea1b54a13c36c5f04ac397c693,optimal,solved,True,True,False,0.1673621418885886,0.0205652720760554,0.020490721,5.82914799451828e-06,0.0001156621146947,0.1880829529836774,-0.905654217318283,-0.9056542173182788,4.218847493575595e-15,0.0,157691904,,,,63094,b40x4-02,b40x4,f00c45ae3d571a1eabe9e66d6034b90683f83626
QP-DIAGONAL,3000,1500,47,1,True,OSQP,160d48f3c7037bdf371120da5839f28ebf77b9ea1b54a13c36c5f04ac397c693,optimal,solved,True,True,False,0.167322858935222,0.0205527390353381,0.020479783,5.71180135011673e-06,0.0001115649938583,0.1880105258896947,-0.905654217318283,-0.9056542173182788,4.218847493575595e-15,0.0,157691904,,,,63094,b40x4-02,b40x4,f00c45ae3d571a1eabe9e66d6034b90683f83626
QP-DIAGONAL,3000,1500,47,2,True,OSQP,160d48f3c7037bdf371120da5839f28ebf77b9ea1b54a13c36c5f04ac397c693,optimal,solved,True,True,False,0.1674124810378998,0.0205518109723925,0.020481011,5.61913475394249e-06,0.0001121510285884,0.1881158149335533,-0.905654217318283,-0.9056542173182788,4.218847493575595e-15,0.0,157691904,,,,63094,b40x4-02,b40x4,f00c45ae3d571a1eabe9e66d6034b90683f83626
QP-DIAGONAL,10000,5000,11,-1,False,OSQP,19c04fbf70333cfeda9df494b1ffca81bef96f71d621455a71aee79d2663a367,optimal,solved,True,True,False,5.598055069101974,0.4972138700541109,0.495814568,2.7408823370933533e-05,0.0003825740423053,6.095701599959284,-0.9052367059331232,-0.9052367059331216,1.4432899320127037e-15,0.0,222580736,,,,63094,b40x4-02,b40x4,f00c45ae3d571a1eabe9e66d6034b90683f83626
QP-DIAGONAL,10000,5000,11,0,True,OSQP,19c04fbf70333cfeda9df494b1ffca81bef96f71d621455a71aee79d2663a367,optimal,solved,True,True,False,5.60391365014948,0.5003553710412234,0.499065614,1.5185214579105376e-05,0.00030447402969,6.104662747820839,-0.9052367059331232,-0.9052367059331216,1.4432899320127037e-15,0.0,222580736,,,,63094,b40x4-02,b40x4,f00c45ae3d571a1eabe9e66d6034b90683f83626
QP-DIAGONAL,10000,5000,11,1,True,OSQP,19c04fbf70333cfeda9df494b1ffca81bef96f71d621455a71aee79d2663a367,optimal,solved,True,True,False,5.546351165045053,0.4917820480186492,0.490493482,1.4991965144872664e-05,0.0003060409799218,6.038493514992297,-0.9052367059331232,-0.9052367059331216,1.4432899320127037e-15,0.0,222580736,,,,63094,b40x4-02,b40x4,f00c45ae3d571a1eabe9e66d6034b90683f83626
QP-DIAGONAL,10000,5000,11,2,True,OSQP,19c04fbf70333cfeda9df494b1ffca81bef96f71d621455a71aee79d2663a367,optimal,solved,True,True,False,5.554710876895115,0.4932817879598588,0.491995737,1.4501158148050308e-05,0.0002985820174217,6.048353881807998,-0.9052367059331232,-0.9052367059331216,1.4432899320127037e-15,0.0,222580736,,,,63094,b40x4-02,b40x4,f00c45ae3d571a1eabe9e66d6034b90683f83626
QP-DIAGONAL,10000,5000,29,-1,False,OSQP,7ad962e1455b09c6c7769c8a15d1b21dca4363f2a9fce56d4926b4cfe8aa0b2f,optimal,solved,True,True,False,5.524255407042801,0.2506715459749102,0.250366938,1.4313030987977982e-05,0.0002975380048155,5.775269559118897,-0.8965559255895532,-0.8965559255895402,1.2989609388114332e-14,0.0,222167040,,,,63094,b40x4-02,b40x4,f00c45ae3d571a1eabe9e66d6034b90683f83626
QP-DIAGONAL,10000,5000,29,0,True,OSQP,7ad962e1455b09c6c7769c8a15d1b21dca4363f2a9fce56d4926b4cfe8aa0b2f,optimal,solved,True,True,False,5.501706658164039,0.2466178708709776,0.246329033,1.631421037018299e-05,0.0002944488078355,5.74868147703819,-0.8965559255895532,-0.8965559255895402,1.2989609388114332e-14,0.0,222175232,,,,63094,b40x4-02,b40x4,f00c45ae3d571a1eabe9e66d6034b90683f83626
QP-DIAGONAL,10000,5000,29,1,True,OSQP,7ad962e1455b09c6c7769c8a15d1b21dca4363f2a9fce56d4926b4cfe8aa0b2f,optimal,solved,True,True,False,5.537808187073097,0.2482179549988359,0.247938271,1.422804780304432e-05,0.0003029988147318,5.786389112006873,-0.8965559255895532,-0.8965559255895402,1.2989609388114332e-14,0.0,222183424,,,,63094,b40x4-02,b40x4,f00c45ae3d571a1eabe9e66d6034b90683f83626
QP-DIAGONAL,10000,5000,29,2,True,OSQP,7ad962e1455b09c6c7769c8a15d1b21dca4363f2a9fce56d4926b4cfe8aa0b2f,optimal,solved,True,True,False,5.541699616005644,0.2490876901429146,0.24872367,2.689985558390617e-05,0.000521081034094,5.791369368787855,-0.8965559255895532,-0.8965559255895402,1.2989609388114332e-14,0.0,222183424,,,,63094,b40x4-02,b40x4,f00c45ae3d571a1eabe9e66d6034b90683f83626
QP-DIAGONAL,10000,5000,47,-1,False,OSQP,85309be770bb8bdc76450a0b16008d170e25d53bf45723a304aa40567bb53925,optimal,solved,True,True,False,5.515494535909966,0.2504345921333879,0.24910035,1.42569188028574e-05,0.0002962849102914,5.766301068942994,-0.9081702984275009,-0.9081702984274986,2.220446049250313e-15,1.3877787807814457e-17,222101504,,,,63094,b40x4-02,b40x4,f00c45ae3d571a1eabe9e66d6034b90683f83626
QP-DIAGONAL,10000,5000,47,0,True,OSQP,85309be770bb8bdc76450a0b16008d170e25d53bf45723a304aa40567bb53925,optimal,solved,True,True,False,5.521090734982863,0.2476006851065904,0.246356777,1.3130949810147284e-05,0.0002890420146286,5.769040533807129,-0.9081702984275009,-0.9081702984274986,2.220446049250313e-15,1.3877787807814457e-17,222101504,,,,63094,b40x4-02,b40x4,f00c45ae3d571a1eabe9e66d6034b90683f83626
QP-DIAGONAL,10000,5000,47,1,True,OSQP,85309be770bb8bdc76450a0b16008d170e25d53bf45723a304aa40567bb53925,optimal,solved,True,True,False,5.50813482189551,0.2464589609298855,0.245220476,1.3208948075771332e-05,0.0003003650344908,5.754950460977852,-0.9081702984275009,-0.9081702984274986,2.220446049250313e-15,1.3877787807814457e-17,222101504,,,,63094,b40x4-02,b40x4,f00c45ae3d571a1eabe9e66d6034b90683f83626
QP-DIAGONAL,10000,5000,47,2,True,OSQP,85309be770bb8bdc76450a0b16008d170e25d53bf45723a304aa40567bb53925,optimal,solved,True,True,False,5.981210209894925,0.2702164212241769,0.268947996,1.830700784921646e-05,0.0003202501684427,6.251811105990782,-0.9081702984275009,-0.9081702984274986,2.220446049250313e-15,1.3877787807814457e-17,222101504,,,,63094,b40x4-02,b40x4,f00c45ae3d571a1eabe9e66d6034b90683f83626
QP-SPARSE-COUPLED,100,100,11,-1,False,OSQP,5c3b4cd398fe14056df091cfa319c88592c63bdd9b5d7bce681ff5b3dd8cde83,optimal,solved,True,True,False,0.0013395389541983,0.0005278149619698,0.000382234,3.2419338822364807e-06,6.0175079852342606e-05,0.0019748751074075,-0.9548393817358286,-0.9548393817358292,5.55111512312579e-16,8.326672684688674e-17,157712384,,,,63094,b40x4-02,b40x4,f00c45ae3d571a1eabe9e66d6034b90683f83626
QP-SPARSE-COUPLED,100,100,11,0,True,OSQP,5c3b4cd398fe14056df091cfa319c88592c63bdd9b5d7bce681ff5b3dd8cde83,optimal,solved,True,True,False,0.0012531890533864,0.0005090818740427,0.000375376,2.861954271793365e-06,5.826004780828953e-05,0.0018476059194654,-0.9548393817358286,-0.9548393817358292,5.55111512312579e-16,8.326672684688674e-17,157712384,,,,63094,b40x4-02,b40x4,f00c45ae3d571a1eabe9e66d6034b90683f83626
QP-SPARSE-COUPLED,100,100,11,1,True,OSQP,5c3b4cd398fe14056df091cfa319c88592c63bdd9b5d7bce681ff5b3dd8cde83,optimal,solved,True,True,False,0.0012031230144202,0.000615072902292,0.000485511,2.922024577856064e-06,6.0034915804862976e-05,0.0019018040038645,-0.9548393817358286,-0.9548393817358292,5.55111512312579e-16,8.326672684688674e-17,157712384,,,,63094,b40x4-02,b40x4,f00c45ae3d571a1eabe9e66d6034b90683f83626
QP-SPARSE-COUPLED,100,100,11,2,True,OSQP,5c3b4cd398fe14056df091cfa319c88592c63bdd9b5d7bce681ff5b3dd8cde83,optimal,solved,True,True,False,0.0011776972096413,0.0005111719947308,0.000385068,2.908986061811447e-06,5.885609425604344e-05,0.0017863200046122,-0.9548393817358286,-0.9548393817358292,5.55111512312579e-16,8.326672684688674e-17,157712384,,,,63094,b40x4-02,b40x4,f00c45ae3d571a1eabe9e66d6034b90683f83626
QP-SPARSE-COUPLED,100,100,29,-1,False,OSQP,ab3b1f69f432fffbe3f3df22535128010d1b7eeb1f2a616847f606150eb1398a,optimal,solved,True,True,False,0.0011228378862142,0.0004962119273841,0.000367878,2.7210917323827744e-06,5.547702312469482e-05,0.0016956189647316,-1.208783146826882,-1.208783146826881,8.881784197001252e-16,1.6653345369377348e-16,157712384,,,,63094,b40x4-02,b40x4,f00c45ae3d571a1eabe9e66d6034b90683f83626
QP-SPARSE-COUPLED,100,100,29,0,True,OSQP,ab3b1f69f432fffbe3f3df22535128010d1b7eeb1f2a616847f606150eb1398a,optimal,solved,True,True,False,0.001162159955129,0.0004965069238096,0.000363286,3.183959051966667e-06,5.8663077652454376e-05,0.0017401969525963,-1.208783146826882,-1.208783146826881,8.881784197001252e-16,1.6653345369377348e-16,157712384,,,,63094,b40x4-02,b40x4,f00c45ae3d571a1eabe9e66d6034b90683f83626
QP-SPARSE-COUPLED,100,100,29,1,True,OSQP,ab3b1f69f432fffbe3f3df22535128010d1b7eeb1f2a616847f606150eb1398a,optimal,solved,True,True,False,0.0011639988515526,0.0005050250329077,0.00037364,2.855900675058365e-06,5.799205973744392e-05,0.0017655699048191,-1.208783146826882,-1.208783146826881,8.881784197001252e-16,1.6653345369377348e-16,157712384,,,,63094,b40x4-02,b40x4,f00c45ae3d571a1eabe9e66d6034b90683f83626
QP-SPARSE-COUPLED,100,100,29,2,True,OSQP,ab3b1f69f432fffbe3f3df22535128010d1b7eeb1f2a616847f606150eb1398a,optimal,solved,True,True,False,0.0011909340973943,0.0005208239890635,0.000392392,5.65103255212307e-06,5.708285607397556e-05,0.0017953268252313,-1.208783146826882,-1.208783146826881,8.881784197001252e-16,1.6653345369377348e-16,157712384,,,,63094,b40x4-02,b40x4,f00c45ae3d571a1eabe9e66d6034b90683f83626
QP-SPARSE-COUPLED,100,100,47,-1,False,OSQP,777d33fc104e0a119a5c772c7ec15a46a73025da9f356dc15580f99bdf83b448,optimal,solved,True,True,False,0.0011603790335357,0.0004925560206174,0.000367135,2.854038029909134e-06,5.360296927392483e-05,0.0017270720563828,-1.190711334725488,-1.190711334725487,1.1102230246251563e-15,1.249000902703301e-16,157712384,,,,63094,b40x4-02,b40x4,f00c45ae3d571a1eabe9e66d6034b90683f83626
QP-SPARSE-COUPLED,100,100,47,0,True,OSQP,777d33fc104e0a119a5c772c7ec15a46a73025da9f356dc15580f99bdf83b448,optimal,solved,True,True,False,0.0011898730881512,0.0004950321745127,0.000368888,2.947868779301644e-06,5.826517008244991e-05,0.0017668588552623,-1.190711334725488,-1.190711334725487,1.1102230246251563e-15,1.249000902703301e-16,157712384,,,,63094,b40x4-02,b40x4,f00c45ae3d571a1eabe9e66d6034b90683f83626
QP-SPARSE-COUPLED,100,100,47,1,True,OSQP,777d33fc104e0a119a5c772c7ec15a46a73025da9f356dc15580f99bdf83b448,optimal,solved,True,True,False,0.0011760308407247,0.0004953080788254,0.000371125,2.8249341994524e-06,5.469704046845436e-05,0.0017631729133427,-1.190711334725488,-1.190711334725487,1.1102230246251563e-15,1.249000902703301e-16,157712384,,,,63094,b40x4-02,b40x4,f00c45ae3d571a1eabe9e66d6034b90683f83626
QP-SPARSE-COUPLED,100,100,47,2,True,OSQP,777d33fc104e0a119a5c772c7ec15a46a73025da9f356dc15580f99bdf83b448,optimal,solved,True,True,False,0.0011635362170636,0.0005000520031899,0.000376642,2.8279609978199005e-06,5.80840278416872e-05,0.001744186040014,-1.190711334725488,-1.190711334725487,1.1102230246251563e-15,1.249000902703301e-16,157712384,,,,63094,b40x4-02,b40x4,f00c45ae3d571a1eabe9e66d6034b90683f83626
QP-SPARSE-COUPLED,300,300,11,-1,False,OSQP,2f99797437014fe0b6c414811dae6dd0c984638986382a5e39de6c4171c631db,optimal,solved,True,True,False,0.0037457249127328,0.0026609788183122,0.002178019,3.400025889277458e-06,7.423199713230133e-05,0.0065030900295823,-1.1143568350114164,-1.1143568350114188,2.4424906541753444e-15,6.938893903907227e-17,157712384,,,,63094,b40x4-02,b40x4,f00c45ae3d571a1eabe9e66d6034b90683f83626
QP-SPARSE-COUPLED,300,300,11,0,True,OSQP,2f99797437014fe0b6c414811dae6dd0c984638986382a5e39de6c4171c631db,optimal,solved,True,True,False,0.0037932549603283,0.0026521959807723,0.002179101,3.526918590068817e-06,7.455190643668175e-05,0.0065436530858278,-1.1143568350114164,-1.1143568350114188,2.4424906541753444e-15,6.938893903907227e-17,157712384,,,,63094,b40x4-02,b40x4,f00c45ae3d571a1eabe9e66d6034b90683f83626
QP-SPARSE-COUPLED,300,300,11,1,True,OSQP,2f99797437014fe0b6c414811dae6dd0c984638986382a5e39de6c4171c631db,optimal,solved,True,True,False,0.0037589829880744,0.0026350498665124,0.002165255,3.825174644589424e-06,7.125316187739372e-05,0.0065044870134443,-1.1143568350114164,-1.1143568350114188,2.4424906541753444e-15,6.938893903907227e-17,157712384,,,,63094,b40x4-02,b40x4,f00c45ae3d571a1eabe9e66d6034b90683f83626
QP-SPARSE-COUPLED,300,300,11,2,True,OSQP,2f99797437014fe0b6c414811dae6dd0c984638986382a5e39de6c4171c631db,optimal,solved,True,True,False,0.0037317408714443,0.0026379080954939,0.002164315,3.573950380086899e-06,7.243501022458076e-05,0.0064640110358595,-1.1143568350114164,-1.1143568350114188,2.4424906541753444e-15,6.938893903907227e-17,157712384,,,,63094,b40x4-02,b40x4,f00c45ae3d571a1eabe9e66d6034b90683f83626
QP-SPARSE-COUPLED,300,300,29,-1,False,OSQP,9580b3db5682b504971381ea28918e9939abd6acab34eea7b8d0424add9be5b9,optimal,solved,True,True,False,0.0037965381052345,0.0026443081442266,0.002169195,3.776978701353073e-06,7.422897033393383e-05,0.0065371561795473,-1.012262343535579,-1.012262343535579,0.0,8.326672684688674e-17,157712384,,,,63094,b40x4-02,b40x4,f00c45ae3d571a1eabe9e66d6034b90683f83626
QP-SPARSE-COUPLED,300,300,29,0,True,OSQP,9580b3db5682b504971381ea28918e9939abd6acab34eea7b8d0424add9be5b9,optimal,solved,True,True,False,0.0037731530610471,0.0027012610808014,0.002228797,4.465924575924873e-06,7.833284325897694e-05,0.0065770330838859,-1.012262343535579,-1.012262343535579,0.0,8.326672684688674e-17,157712384,,,,63094,b40x4-02,b40x4,f00c45ae3d571a1eabe9e66d6034b90683f83626
QP-SPARSE-COUPLED,300,300,29,1,True,OSQP,9580b3db5682b504971381ea28918e9939abd6acab34eea7b8d0424add9be5b9,optimal,solved,True,True,False,0.0037497240118682,0.0026631439104676,0.002173663,3.7760473787784576e-06,7.382594048976898e-05,0.006509194150567,-1.012262343535579,-1.012262343535579,0.0,8.326672684688674e-17,157712384,,,,63094,b40x4-02,b40x4,f00c45ae3d571a1eabe9e66d6034b90683f83626
QP-SPARSE-COUPLED,300,300,29,2,True,OSQP,9580b3db5682b504971381ea28918e9939abd6acab34eea7b8d0424add9be5b9,optimal,solved,True,True,False,0.0037845091428607,0.0026494590565562,0.002174989,3.868015483021736e-06,7.542502135038376e-05,0.0065326050389558,-1.012262343535579,-1.012262343535579,0.0,8.326672684688674e-17,157712384,,,,63094,b40x4-02,b40x4,f00c45ae3d571a1eabe9e66d6034b90683f83626
QP-SPARSE-COUPLED,300,300,47,-1,False,OSQP,7c436531689fbcde43b56a72a9281c9f21d388d574b037a7e66156fc25a95f9a,optimal,solved,True,True,False,0.0036337419878691,0.0025349541101604,0.002086371,3.4831464290618896e-06,7.250695489346981e-05,0.0062632279004901,-0.9099090636682156,-0.9099090636682152,3.3306690738754696e-16,6.245004513516506e-17,157712384,,,,63094,b40x4-02,b40x4,f00c45ae3d571a1eabe9e66d6034b90683f83626
QP-SPARSE-COUPLED,300,300,47,0,True,OSQP,7c436531689fbcde43b56a72a9281c9f21d388d574b037a7e66156fc25a95f9a,optimal,solved,True,True,False,0.0036378151271492,0.0025358109269291,0.002090742,3.61190177500248e-06,7.433607243001461e-05,0.0062702600844204,-0.9099090636682156,-0.9099090636682152,3.3306690738754696e-16,6.245004513516506e-17,157712384,,,,63094,b40x4-02,b40x4,f00c45ae3d571a1eabe9e66d6034b90683f83626
QP-SPARSE-COUPLED,300,300,47,1,True,OSQP,7c436531689fbcde43b56a72a9281c9f21d388d574b037a7e66156fc25a95f9a,optimal,solved,True,True,False,0.0036744701210409,0.0025466561783105,0.002096251,3.787921741604805e-06,7.488392293453217e-05,0.0063338859472423,-0.9099090636682156,-0.9099090636682152,3.3306690738754696e-16,6.245004513516506e-17,157712384,,,,63094,b40x4-02,b40x4,f00c45ae3d571a1eabe9e66d6034b90683f83626
QP-SPARSE-COUPLED,300,300,47,2,True,OSQP,7c436531689fbcde43b56a72a9281c9f21d388d574b037a7e66156fc25a95f9a,optimal,solved,True,True,False,0.0036923598963767,0.0025755038950592,0.002120742,4.194211214780808e-06,7.581198588013649e-05,0.0063673499971628,-0.9099090636682156,-0.9099090636682152,3.3306690738754696e-16,6.245004513516506e-17,157712384,,,,63094,b40x4-02,b40x4,f00c45ae3d571a1eabe9e66d6034b90683f83626
QP-SPARSE-COUPLED,1000,1000,11,-1,False,OSQP,faac694548a48f4fbbe8839e3c7ded7765a7d3b4ebc9d3427fc63bd1c99b3293,optimal,solved,True,True,False,0.0669590870384126,0.0259294619318097,0.021517945,5.935085937380791e-06,0.0001085980329662,0.0930198030546307,-0.8716206712144907,-0.8716206712144926,1.887379141862766e-15,8.326672684688674e-17,157712384,,,,63094,b40x4-02,b40x4,f00c45ae3d571a1eabe9e66d6034b90683f83626
QP-SPARSE-COUPLED,1000,1000,11,0,True,OSQP,faac694548a48f4fbbe8839e3c7ded7765a7d3b4ebc9d3427fc63bd1c99b3293,optimal,solved,True,True,False,0.0669785758946091,0.0257503539323806,0.021482329,6.054062396287918e-06,0.000109831104055,0.0928646081592887,-0.8716206712144907,-0.8716206712144926,1.887379141862766e-15,8.326672684688674e-17,157712384,,,,63094,b40x4-02,b40x4,f00c45ae3d571a1eabe9e66d6034b90683f83626
QP-SPARSE-COUPLED,1000,1000,11,1,True,OSQP,faac694548a48f4fbbe8839e3c7ded7765a7d3b4ebc9d3427fc63bd1c99b3293,optimal,solved,True,True,False,0.0669241480063647,0.0256647260393947,0.021411672,6.024958565831184e-06,0.0001066848635673,0.0927204568870365,-0.8716206712144907,-0.8716206712144926,1.887379141862766e-15,8.326672684688674e-17,157712384,,,,63094,b40x4-02,b40x4,f00c45ae3d571a1eabe9e66d6034b90683f83626
QP-SPARSE-COUPLED,1000,1000,11,2,True,OSQP,faac694548a48f4fbbe8839e3c7ded7765a7d3b4ebc9d3427fc63bd1c99b3293,optimal,solved,True,True,False,0.0668980509508401,0.0256864670664072,0.021414292,6.145099177956581e-06,0.000107737025246,0.0927174480166286,-0.8716206712144907,-0.8716206712144926,1.887379141862766e-15,8.326672684688674e-17,157712384,,,,63094,b40x4-02,b40x4,f00c45ae3d571a1eabe9e66d6034b90683f83626
QP-SPARSE-COUPLED,1000,1000,29,-1,False,OSQP,933e526d24c3f8f743e45242cc3e9f6c0db47c5dc86f25bc7c7e1afd0c1c3e4d,optimal,solved,True,True,False,0.0649906019680202,0.0254728919826447,0.021041909,6.034970283508301e-06,0.0001063039526343,0.0905927971471101,-0.870455577291189,-0.8704555772911883,7.771561172376105e-16,8.326672684688674e-17,157712384,,,,63094,b40x4-02,b40x4,f00c45ae3d571a1eabe9e66d6034b90683f83626
QP-SPARSE-COUPLED,1000,1000,29,0,True,OSQP,933e526d24c3f8f743e45242cc3e9f6c0db47c5dc86f25bc7c7e1afd0c1c3e4d,optimal,solved,True,True,False,0.0647657320369035,0.0255261310376226,0.021103613,5.966983735561371e-06,0.0001054499298334,0.0904227958526462,-0.870455577291189,-0.8704555772911883,7.771561172376105e-16,8.326672684688674e-17,157712384,,,,63094,b40x4-02,b40x4,f00c45ae3d571a1eabe9e66d6034b90683f83626
QP-SPARSE-COUPLED,1000,1000,29,1,True,OSQP,933e526d24c3f8f743e45242cc3e9f6c0db47c5dc86f25bc7c7e1afd0c1c3e4d,optimal,solved,True,True,False,0.0653425459749996,0.0254320278763771,0.02101069,5.984911695122719e-06,0.0001068029087036,0.0909102419391274,-0.870455577291189,-0.8704555772911883,7.771561172376105e-16,8.326672684688674e-17,157712384,,,,63094,b40x4-02,b40x4,f00c45ae3d571a1eabe9e66d6034b90683f83626
QP-SPARSE-COUPLED,1000,1000,29,2,True,OSQP,933e526d24c3f8f743e45242cc3e9f6c0db47c5dc86f25bc7c7e1afd0c1c3e4d,optimal,solved,True,True,False,0.0650245929136872,0.0254547949880361,0.021033801,6.008194759488106e-06,0.0001077381893992,0.0906118829734623,-0.870455577291189,-0.8704555772911883,7.771561172376105e-16,8.326672684688674e-17,157712384,,,,63094,b40x4-02,b40x4,f00c45ae3d571a1eabe9e66d6034b90683f83626
QP-SPARSE-COUPLED,1000,1000,47,-1,False,OSQP,0e4e0db5bbe0c5ef0302b898c018d0084efbfb2341fe30f9a045ab422ff98bdd,optimal,solved,True,True,False,0.0671679589431732,0.0256773310247808,0.021385423,6.015179678797722e-06,0.0001036818139255,0.0929724329616874,-0.9742427488996934,-0.974242748899692,1.4432899320127037e-15,5.551115123125783e-17,157712384,,,,63094,b40x4-02,b40x4,f00c45ae3d571a1eabe9e66d6034b90683f83626
QP-SPARSE-COUPLED,1000,1000,47,0,True,OSQP,0e4e0db5bbe0c5ef0302b898c018d0084efbfb2341fe30f9a045ab422ff98bdd,optimal,solved,True,True,False,0.0671697079669684,0.0257739298976957,0.0214969,5.858950316905975e-06,0.0001076150219887,0.0930760418996214,-0.9742427488996934,-0.974242748899692,1.4432899320127037e-15,5.551115123125783e-17,157712384,,,,63094,b40x4-02,b40x4,f00c45ae3d571a1eabe9e66d6034b90683f83626
QP-SPARSE-COUPLED,1000,1000,47,1,True,OSQP,0e4e0db5bbe0c5ef0302b898c018d0084efbfb2341fe30f9a045ab422ff98bdd,optimal,solved,True,True,False,0.0670576419215649,0.0256386550609022,0.0214211,5.857087671756744e-06,0.0001081069931387,0.0928298430517315,-0.9742427488996934,-0.974242748899692,1.4432899320127037e-15,5.551115123125783e-17,157712384,,,,63094,b40x4-02,b40x4,f00c45ae3d571a1eabe9e66d6034b90683f83626
QP-SPARSE-COUPLED,1000,1000,47,2,True,OSQP,0e4e0db5bbe0c5ef0302b898c018d0084efbfb2341fe30f9a045ab422ff98bdd,optimal,solved,True,True,False,0.0669866369571536,0.0257467778865247,0.021503761,5.6300777941942215e-06,0.0001063428353518,0.0928649329580366,-0.9742427488996934,-0.974242748899692,1.4432899320127037e-15,5.551115123125783e-17,157712384,,,,63094,b40x4-02,b40x4,f00c45ae3d571a1eabe9e66d6034b90683f83626
QP-SPARSE-COUPLED,3000,3000,11,-1,False,OSQP,72aeb9d467c8dc16da6e9b430e723e078e3e0abf0ee20c207bc8c97e4d9b0d6e,optimal,solved,True,True,False,1.5135010201483965,0.2775181999895721,0.17582525,9.021954610943794e-06,0.0001929439604282,1.7912412190344185,-0.5001932588104245,-0.5001932588104199,4.6629367034256575e-15,1.3877787807814454e-16,158760960,,,,63094,b40x4-02,b40x4,f00c45ae3d571a1eabe9e66d6034b90683f83626
QP-SPARSE-COUPLED,3000,3000,11,0,True,OSQP,72aeb9d467c8dc16da6e9b430e723e078e3e0abf0ee20c207bc8c97e4d9b0d6e,optimal,solved,True,True,False,1.5022851419635117,0.2744494341313839,0.175514298,9.576790034770966e-06,0.0001721810549497,1.7769370719324795,-0.5001932588104245,-0.5001932588104199,4.6629367034256575e-15,1.3877787807814454e-16,158760960,,,,63094,b40x4-02,b40x4,f00c45ae3d571a1eabe9e66d6034b90683f83626
QP-SPARSE-COUPLED,3000,3000,11,1,True,OSQP,72aeb9d467c8dc16da6e9b430e723e078e3e0abf0ee20c207bc8c97e4d9b0d6e,optimal,solved,True,True,False,1.5018532020039856,0.2748703481629491,0.175717351,8.82195308804512e-06,0.0001989649608731,1.7769531761296091,-0.5001932588104245,-0.5001932588104199,4.6629367034256575e-15,1.3877787807814454e-16,158760960,,,,63094,b40x4-02,b40x4,f00c45ae3d571a1eabe9e66d6034b90683f83626
QP-SPARSE-COUPLED,3000,3000,11,2,True,OSQP,72aeb9d467c8dc16da6e9b430e723e078e3e0abf0ee20c207bc8c97e4d9b0d6e,optimal,solved,True,True,False,1.502708873944357,0.2748869459610432,0.175613757,9.925104677677156e-06,0.0002035261131823,1.777831604005769,-0.5001932588104245,-0.5001932588104199,4.6629367034256575e-15,1.3877787807814454e-16,158760960,,,,63094,b40x4-02,b40x4,f00c45ae3d571a1eabe9e66d6034b90683f83626
QP-SPARSE-COUPLED,3000,3000,29,-1,False,OSQP,95357b4459d891a56cdb9b5c2672da70fd35b15554916bea2eacfcb88d303b34,optimal,solved,True,True,False,1.4890135400928557,0.2731244650203734,0.173628221,7.873866707086563e-06,0.0001762229949235,1.762342062080279,-0.5707159427829085,-0.5707159427829006,7.882583474838611e-15,8.326672684688674e-17,158760960,,,,63094,b40x4-02,b40x4,f00c45ae3d571a1eabe9e66d6034b90683f83626
QP-SPARSE-COUPLED,3000,3000,29,0,True,OSQP,95357b4459d891a56cdb9b5c2672da70fd35b15554916bea2eacfcb88d303b34,optimal,solved,True,True,False,1.4898793869651854,0.2726704438682645,0.17356743,8.20402055978775e-06,0.0001775068230926,1.7627576109953225,-0.5707159427829085,-0.5707159427829006,7.882583474838611e-15,8.326672684688674e-17,158760960,,,,63094,b40x4-02,b40x4,f00c45ae3d571a1eabe9e66d6034b90683f83626
QP-SPARSE-COUPLED,3000,3000,29,1,True,OSQP,95357b4459d891a56cdb9b5c2672da70fd35b15554916bea2eacfcb88d303b34,optimal,solved,True,True,False,1.5032486061099917,0.2749138970393687,0.174864478,9.813811630010603e-06,0.000207366188988,1.7784164201002568,-0.5707159427829085,-0.5707159427829006,7.882583474838611e-15,8.326672684688674e-17,158760960,,,,63094,b40x4-02,b40x4,f00c45ae3d571a1eabe9e66d6034b90683f83626
QP-SPARSE-COUPLED,3000,3000,29,2,True,OSQP,95357b4459d891a56cdb9b5c2672da70fd35b15554916bea2eacfcb88d303b34,optimal,solved,True,True,False,1.488991652149707,0.2730299669783562,0.173683704,9.127892553806303e-06,0.0001972632016986,1.762270593084395,-0.5707159427829085,-0.5707159427829006,7.882583474838611e-15,8.326672684688674e-17,158760960,,,,63094,b40x4-02,b40x4,f00c45ae3d571a1eabe9e66d6034b90683f83626
QP-SPARSE-COUPLED,3000,3000,47,-1,False,OSQP,be1230992a581006580fbf0dd0709870f5e9c9fb83af1108e6a60ba8936b98b2,optimal,solved,True,True,False,1.4981330980081111,0.2682512509636581,0.171378382,1.0842923074960709e-05,0.0002203441690653,1.7666383939795196,-0.5572659026835924,-0.5572659026835896,2.886579864025407e-15,1.1102230246251563e-16,159285248,,,,63094,b40x4-02,b40x4,f00c45ae3d571a1eabe9e66d6034b90683f83626
QP-SPARSE-COUPLED,3000,3000,47,0,True,OSQP,be1230992a581006580fbf0dd0709870f5e9c9fb83af1108e6a60ba8936b98b2,optimal,solved,True,True,False,1.4965037410147488,0.2697184211574495,0.173285312,8.881092071533203e-06,0.0002048090100288,1.766477036988363,-0.5572659026835924,-0.5572659026835896,2.886579864025407e-15,1.1102230246251563e-16,159285248,,,,63094,b40x4-02,b40x4,f00c45ae3d571a1eabe9e66d6034b90683f83626
QP-SPARSE-COUPLED,3000,3000,47,1,True,OSQP,be1230992a581006580fbf0dd0709870f5e9c9fb83af1108e6a60ba8936b98b2,optimal,solved,True,True,False,1.498211259022355,0.2675363509915769,0.171094713,9.097857400774956e-06,0.000200442969799,1.765984741039574,-0.5572659026835924,-0.5572659026835896,2.886579864025407e-15,1.1102230246251563e-16,159285248,,,,63094,b40x4-02,b40x4,f00c45ae3d571a1eabe9e66d6034b90683f83626
QP-SPARSE-COUPLED,3000,3000,47,2,True,OSQP,be1230992a581006580fbf0dd0709870f5e9c9fb83af1108e6a60ba8936b98b2,optimal,solved,True,True,False,1.4982930819969624,0.2677476729732007,0.171130332,8.309958502650261e-06,0.0001924498938024,1.7662653038278222,-0.5572659026835924,-0.5572659026835896,2.886579864025407e-15,1.1102230246251563e-16,159285248,,,,63094,b40x4-02,b40x4,f00c45ae3d571a1eabe9e66d6034b90683f83626
QP-SPARSE-COUPLED,10000,10000,11,-1,False,OSQP,fde14264705d7703584aaa137717f4aa1159fccfc664874e6ea545a300e9120c,optimal,solved,True,True,False,96.98752995720132,5.975865425076336,2.929025256,1.5649013221263885e-05,0.000689092092216,102.96413139207289,0.71030013277703,0.7103001327770078,2.220446049250313e-14,1.1102230246251563e-16,631545856,,,,63094,b40x4-02,b40x4,f00c45ae3d571a1eabe9e66d6034b90683f83626
QP-SPARSE-COUPLED,10000,10000,11,0,True,OSQP,fde14264705d7703584aaa137717f4aa1159fccfc664874e6ea545a300e9120c,optimal,solved,True,True,False,97.364232404856,5.978718233061954,2.914112512,3.0505936592817307e-05,0.0007711320649832,103.34380104602316,0.71030013277703,0.7103001327770078,2.220446049250313e-14,1.1102230246251563e-16,631549952,,,,63094,b40x4-02,b40x4,f00c45ae3d571a1eabe9e66d6034b90683f83626
QP-SPARSE-COUPLED,10000,10000,11,1,True,OSQP,fde14264705d7703584aaa137717f4aa1159fccfc664874e6ea545a300e9120c,optimal,solved,True,True,False,96.41684007109144,5.969055894063786,2.926802725,2.9071001335978508e-05,0.0007667350582778,102.38677771901712,0.71030013277703,0.7103001327770078,2.220446049250313e-14,1.1102230246251563e-16,631549952,,,,63094,b40x4-02,b40x4,f00c45ae3d571a1eabe9e66d6034b90683f83626
QP-SPARSE-COUPLED,10000,10000,11,2,True,OSQP,fde14264705d7703584aaa137717f4aa1159fccfc664874e6ea545a300e9120c,optimal,solved,True,True,False,96.65744830598123,5.978640681132674,2.926286033,2.9412098228931427e-05,0.0007645501755177,102.63695486681536,0.71030013277703,0.7103001327770078,2.220446049250313e-14,1.1102230246251563e-16,631549952,,,,63094,b40x4-02,b40x4,f00c45ae3d571a1eabe9e66d6034b90683f83626
QP-SPARSE-COUPLED,10000,10000,29,-1,False,OSQP,f6eec9574130136a106859f183b5d142b05c0d8d55e6e0c6aad4824b6cf196de,optimal,solved,True,True,False,96.11268006404862,6.082208666019142,2.901220394,1.7276965081691742e-05,0.0007095700129866,102.19569614506328,0.5529202062897056,0.5529202062897055,1.1102230246251563e-16,1.1102230246251563e-16,630231040,,,,63094,b40x4-02,b40x4,f00c45ae3d571a1eabe9e66d6034b90683f83626
QP-SPARSE-COUPLED,10000,10000,29,0,True,OSQP,f6eec9574130136a106859f183b5d142b05c0d8d55e6e0c6aad4824b6cf196de,optimal,solved,True,True,False,95.66514264396392,6.033387371106073,2.892334256,2.0344043150544167e-05,0.0007187440060079,101.69932971987872,0.5529202062897056,0.5529202062897055,1.1102230246251563e-16,1.1102230246251563e-16,630231040,,,,63094,b40x4-02,b40x4,f00c45ae3d571a1eabe9e66d6034b90683f83626
QP-SPARSE-COUPLED,10000,10000,29,1,True,OSQP,f6eec9574130136a106859f183b5d142b05c0d8d55e6e0c6aad4824b6cf196de,optimal,solved,True,True,False,96.0980525079649,6.030589290196076,2.889604082,1.9785016775131226e-05,0.0006997780874371,102.12943593296222,0.5529202062897056,0.5529202062897055,1.1102230246251563e-16,1.1102230246251563e-16,630231040,,,,63094,b40x4-02,b40x4,f00c45ae3d571a1eabe9e66d6034b90683f83626
QP-SPARSE-COUPLED,10000,10000,29,2,True,OSQP,f6eec9574130136a106859f183b5d142b05c0d8d55e6e0c6aad4824b6cf196de,optimal,solved,True,True,False,95.52783379913308,6.034987880848348,2.892203685,1.8269987776875496e-05,0.0006972139235585,101.56359965284356,0.5529202062897056,0.5529202062897055,1.1102230246251563e-16,1.1102230246251563e-16,630231040,,,,63094,b40x4-02,b40x4,f00c45ae3d571a1eabe9e66d6034b90683f83626
QP-SPARSE-COUPLED,10000,10000,47,-1,False,OSQP,27548339498c780931cbc2e68d7cd72be8364edbaac4e8e84d06d5b44abb5213,optimal,solved,True,True,False,95.06464581587352,6.016937736887485,2.880532982,2.204393967986107e-05,0.0006937279831618,101.08234311104752,0.5497153818717826,0.549715381871786,3.4416913763379853e-15,8.326672684688674e-17,627433472,,,,63094,b40x4-02,b40x4,f00c45ae3d571a1eabe9e66d6034b90683f83626
QP-SPARSE-COUPLED,10000,10000,47,0,True,OSQP,27548339498c780931cbc2e68d7cd72be8364edbaac4e8e84d06d5b44abb5213,optimal,solved,True,True,False,94.82105860486628,6.019180928822607,2.885245425,2.388283610343933e-05,0.0007222001440823,100.84106862498447,0.5497153818717826,0.549715381871786,3.4416913763379853e-15,8.326672684688674e-17,627433472,,,,63094,b40x4-02,b40x4,f00c45ae3d571a1eabe9e66d6034b90683f83626
QP-SPARSE-COUPLED,10000,10000,47,1,True,OSQP,27548339498c780931cbc2e68d7cd72be8364edbaac4e8e84d06d5b44abb5213,optimal,solved,True,True,False,95.18355285585858,6.016267585800961,2.879834782,2.5175046175718307e-05,0.0007103329990059,101.20064344606362,0.5497153818717826,0.549715381871786,3.4416913763379853e-15,8.326672684688674e-17,627433472,,,,63094,b40x4-02,b40x4,f00c45ae3d571a1eabe9e66d6034b90683f83626
QP-SPARSE-COUPLED,10000,10000,47,2,True,OSQP,27548339498c780931cbc2e68d7cd72be8364edbaac4e8e84d06d5b44abb5213,optimal,solved,True,True,False,94.79802538384683,6.021881124004722,2.885853164,1.929095014929772e-05,0.0007024118676781,100.82071266602723,0.5497153818717826,0.549715381871786,3.4416913763379853e-15,8.326672684688674e-17,627441664,,,,63094,b40x4-02,b40x4,f00c45ae3d571a1eabe9e66d6034b90683f83626
LP-RANGED,100,50,11,-1,False,cuOpt,d2efcd2257233fb894e920439d831872a2090a2668299ee0b7c571a42caf4c45,optimal,Optimal,True,True,False,22.24050382897257,0.9325338061898948,0.669436309,4.13449015468359e-05,0.0001607851590961,23.17328668688424,-6.867813890181965,-6.867813890181963,2.664535259100376e-15,0.0,861351936,641925120.0,,,63094,b40x4-02,b40x4,f00c45ae3d571a1eabe9e66d6034b90683f83626
LP-RANGED,100,50,11,0,True,cuOpt,d2efcd2257233fb894e920439d831872a2090a2668299ee0b7c571a42caf4c45,optimal,Optimal,True,True,False,0.0023720439057797,0.0394259099848568,0.03639929,2.5294022634625435e-05,7.290695793926716e-05,0.0419397489167749,-6.867813890181965,-6.867813890181963,2.664535259100376e-15,0.0,862466048,641925120.0,,,63094,b40x4-02,b40x4,f00c45ae3d571a1eabe9e66d6034b90683f83626
LP-RANGED,100,50,11,1,True,cuOpt,d2efcd2257233fb894e920439d831872a2090a2668299ee0b7c571a42caf4c45,optimal,Optimal,True,True,False,0.0022911699488759,0.0386509159579873,0.03583082,2.3766886442899704e-05,8.34569800645113e-05,0.0410686789546161,-6.867813890181965,-6.867813890181963,2.664535259100376e-15,0.0,862990336,641925120.0,,,63094,b40x4-02,b40x4,f00c45ae3d571a1eabe9e66d6034b90683f83626
LP-RANGED,100,50,11,2,True,cuOpt,d2efcd2257233fb894e920439d831872a2090a2668299ee0b7c571a42caf4c45,optimal,Optimal,True,True,False,0.0023162649013102,0.0383123131468892,0.035549606,2.245092764496804e-05,7.770699448883533e-05,0.0407463619485497,-6.867813890181965,-6.867813890181963,2.664535259100376e-15,0.0,862990336,641925120.0,,,63094,b40x4-02,b40x4,f00c45ae3d571a1eabe9e66d6034b90683f83626
LP-RANGED,100,50,29,-1,False,cuOpt,a30f5caaaf1c148903a463217677f93691a4e941f4323d42fdf3b4478573e8d0,optimal,Optimal,True,True,False,0.0022405008785426,0.0340483428444713,0.031109812,3.3678021281957626e-05,7.398892194032669e-05,0.036414782050997,-7.278341228630388,-7.278341228630389,8.881784197001252e-16,0.0,862990336,641925120.0,,,63094,b40x4-02,b40x4,f00c45ae3d571a1eabe9e66d6034b90683f83626
LP-RANGED,100,50,29,0,True,cuOpt,a30f5caaaf1c148903a463217677f93691a4e941f4323d42fdf3b4478573e8d0,optimal,Optimal,True,True,False,0.0022832590620964,0.0338109040167182,0.031078306,2.4120090529322624e-05,7.305294275283813e-05,0.0362088440451771,-7.278341228630388,-7.278341228630389,8.881784197001252e-16,0.0,862990336,641925120.0,,,63094,b40x4-02,b40x4,f00c45ae3d571a1eabe9e66d6034b90683f83626
LP-RANGED,100,50,29,1,True,cuOpt,a30f5caaaf1c148903a463217677f93691a4e941f4323d42fdf3b4478573e8d0,optimal,Optimal,True,True,False,0.0022588889114558,0.0338825990911573,0.031143637,2.340693026781082e-05,7.403409108519554e-05,0.036271713906899,-7.278341228630388,-7.278341228630389,8.881784197001252e-16,0.0,862990336,641925120.0,,,63094,b40x4-02,b40x4,f00c45ae3d571a1eabe9e66d6034b90683f83626
LP-RANGED,100,50,29,2,True,cuOpt,a30f5caaaf1c148903a463217677f93691a4e941f4323d42fdf3b4478573e8d0,optimal,Optimal,True,True,False,0.0022793668322265,0.0339481190312653,0.031216275,2.287491224706173e-05,7.386482320725918e-05,0.0363575890660285,-7.278341228630388,-7.278341228630389,8.881784197001252e-16,0.0,862990336,641925120.0,,,63094,b40x4-02,b40x4,f00c45ae3d571a1eabe9e66d6034b90683f83626
LP-RANGED,100,50,47,-1,False,cuOpt,17f2761760661952fe8f76c6d8608154de0cfb80b46772b4f59673b652654535,optimal,Optimal,True,True,False,0.002226480981335,0.0368381000589579,0.034097055,2.340693026781082e-05,7.294514216482639e-05,0.039192816009745,-7.322046170337633,-7.3220461703376305,2.664535259100376e-15,0.0,862990336,641925120.0,,,63094,b40x4-02,b40x4,f00c45ae3d571a1eabe9e66d6034b90683f83626
LP-RANGED,100,50,47,0,True,cuOpt,17f2761760661952fe8f76c6d8608154de0cfb80b46772b4f59673b652654535,optimal,Optimal,True,True,False,0.0022493777796626,0.0370345481205731,0.03430915,2.301810309290886e-05,7.198890671133995e-05,0.0393958648201078,-7.322046170337633,-7.3220461703376305,2.664535259100376e-15,0.0,862990336,641925120.0,,,63094,b40x4-02,b40x4,f00c45ae3d571a1eabe9e66d6034b90683f83626
LP-RANGED,100,50,47,1,True,cuOpt,17f2761760661952fe8f76c6d8608154de0cfb80b46772b4f59673b652654535,optimal,Optimal,True,True,False,0.0022647408768534,0.0369431099388748,0.0342257,2.2761058062314987e-05,7.369299419224262e-05,0.0393204991705715,-7.322046170337633,-7.3220461703376305,2.664535259100376e-15,0.0,863514624,641925120.0,,,63094,b40x4-02,b40x4,f00c45ae3d571a1eabe9e66d6034b90683f83626
LP-RANGED,100,50,47,2,True,cuOpt,17f2761760661952fe8f76c6d8608154de0cfb80b46772b4f59673b652654535,optimal,Optimal,True,True,False,0.0022514499723911,0.0369503430556505,0.034215452,2.308678813278675e-05,7.235794328153133e-05,0.0393149810843169,-7.322046170337633,-7.3220461703376305,2.664535259100376e-15,0.0,863514624,641925120.0,,,63094,b40x4-02,b40x4,f00c45ae3d571a1eabe9e66d6034b90683f83626
LP-RANGED,300,150,11,-1,False,cuOpt,0c21efe72b840791a39281fea01c8aa9506630ab5d77354c0fd7ac94e38fe73d,optimal,Optimal,True,True,False,0.006599870044738,0.0822018489707261,0.078920604,5.1100971177220345e-05,7.82159622758627e-05,0.0889475150033831,-13.09347241345793,-13.093472413457926,3.552713678800501e-15,0.0,866213888,641925120.0,,,63094,b40x4-02,b40x4,f00c45ae3d571a1eabe9e66d6034b90683f83626
LP-RANGED,300,150,11,0,True,cuOpt,0c21efe72b840791a39281fea01c8aa9506630ab5d77354c0fd7ac94e38fe73d,optimal,Optimal,True,True,False,0.0065523979719728,0.0591462310403585,0.055916794,5.078408867120743e-05,7.706810720264912e-05,0.0658441071864217,-13.09347241345793,-13.093472413457926,3.552713678800501e-15,0.0,866213888,641925120.0,,,63094,b40x4-02,b40x4,f00c45ae3d571a1eabe9e66d6034b90683f83626
LP-RANGED,300,150,11,1,True,cuOpt,0c21efe72b840791a39281fea01c8aa9506630ab5d77354c0fd7ac94e38fe73d,optimal,Optimal,True,True,False,0.0065901088528335,0.0593631821684539,0.056167155,5.319202318787575e-05,7.693911902606487e-05,0.0661004830617457,-13.09347241345793,-13.093472413457926,3.552713678800501e-15,0.0,866213888,641925120.0,,,63094,b40x4-02,b40x4,f00c45ae3d571a1eabe9e66d6034b90683f83626
LP-RANGED,300,150,11,2,True,cuOpt,0c21efe72b840791a39281fea01c8aa9506630ab5d77354c0fd7ac94e38fe73d,optimal,Optimal,True,True,False,0.0065161380916833,0.0592196159996092,0.05601734,5.12278638780117e-05,7.841805927455425e-05,0.0658826860599219,-13.09347241345793,-13.093472413457926,3.552713678800501e-15,0.0,866213888,641925120.0,,,63094,b40x4-02,b40x4,f00c45ae3d571a1eabe9e66d6034b90683f83626
LP-RANGED,300,150,29,-1,False,cuOpt,fa2a6a44e787e9b6be274aeafe4c55ec8f9958524026767b0c8b4a5a79f88246,optimal,Optimal,True,True,False,0.0065274729859083,0.0595485779922455,0.056366704,4.937499761581421e-05,7.903692312538624e-05,0.0662218751385808,-13.465636995013204,-13.46563699501321,5.3290705182007506e-15,0.0,866213888,641925120.0,,,63094,b40x4-02,b40x4,f00c45ae3d571a1eabe9e66d6034b90683f83626
LP-RANGED,300,150,29,0,True,cuOpt,fa2a6a44e787e9b6be274aeafe4c55ec8f9958524026767b0c8b4a5a79f88246,optimal,Optimal,True,True,False,0.0066222860477864,0.0593495951034128,0.056157802,4.9952883273363113e-05,7.776683196425438e-05,0.0661167579237371,-13.465636995013204,-13.46563699501321,5.3290705182007506e-15,0.0,866213888,641925120.0,,,63094,b40x4-02,b40x4,f00c45ae3d571a1eabe9e66d6034b90683f83626
LP-RANGED,300,150,29,1,True,cuOpt,fa2a6a44e787e9b6be274aeafe4c55ec8f9958524026767b0c8b4a5a79f88246,optimal,Optimal,True,True,False,0.0065239539835602,0.0598006688524037,0.056595829,5.038408562541008e-05,7.754610851407051e-05,0.0664696488529443,-13.465636995013204,-13.46563699501321,5.3290705182007506e-15,0.0,867262464,641925120.0,,,63094,b40x4-02,b40x4,f00c45ae3d571a1eabe9e66d6034b90683f83626
LP-RANGED,300,150,29,2,True,cuOpt,fa2a6a44e787e9b6be274aeafe4c55ec8f9958524026767b0c8b4a5a79f88246,optimal,Optimal,True,True,False,0.0065483560319989,0.0598216159269213,0.056607194,5.2473973482847214e-05,7.693609222769737e-05,0.0665155150927603,-13.465636995013204,-13.46563699501321,5.3290705182007506e-15,0.0,867393536,641925120.0,,,63094,b40x4-02,b40x4,f00c45ae3d571a1eabe9e66d6034b90683f83626
LP-RANGED,300,150,47,-1,False,cuOpt,f9b20e354023d751d87e4588eb14498cc4fe97f8c5b47c4961542a034e1f602b,optimal,Optimal,True,True,False,0.0065912581048905,0.0592222639825195,0.055999368,4.934403114020824e-05,7.750093936920166e-05,0.0659576868638396,-14.497360504703444,-14.497360504703437,8.881784197001252e-15,0.0,867393536,641925120.0,,,63094,b40x4-02,b40x4,f00c45ae3d571a1eabe9e66d6034b90683f83626
LP-RANGED,300,150,47,0,True,cuOpt,f9b20e354023d751d87e4588eb14498cc4fe97f8c5b47c4961542a034e1f602b,optimal,Optimal,True,True,False,0.0065764840692281,0.0591230529826134,0.055954788,5.050096660852432e-05,7.709581404924393e-05,0.0658444389700889,-14.497360504703444,-14.497360504703437,8.881784197001252e-15,0.0,867393536,641925120.0,,,63094,b40x4-02,b40x4,f00c45ae3d571a1eabe9e66d6034b90683f83626
LP-RANGED,300,150,47,1,True,cuOpt,f9b20e354023d751d87e4588eb14498cc4fe97f8c5b47c4961542a034e1f602b,optimal,Optimal,True,True,False,0.0065737639088183,0.0590228519868105,0.055830536,5.00690657645464e-05,7.692188955843449e-05,0.0657403550576418,-14.497360504703444,-14.497360504703437,8.881784197001252e-15,0.0,867393536,641925120.0,,,63094,b40x4-02,b40x4,f00c45ae3d571a1eabe9e66d6034b90683f83626
LP-RANGED,300,150,47,2,True,cuOpt,f9b20e354023d751d87e4588eb14498cc4fe97f8c5b47c4961542a034e1f602b,optimal,Optimal,True,True,False,0.0065835390705615,0.0592712620273232,0.05607701,5.656899884343147e-05,7.894099690020084e-05,0.0660066690761596,-14.497360504703444,-14.497360504703437,8.881784197001252e-15,0.0,867393536,641925120.0,,,63094,b40x4-02,b40x4,f00c45ae3d571a1eabe9e66d6034b90683f83626
LP-RANGED,1000,500,11,-1,False,cuOpt,31fff43297f9ff70086909fa70f0a4ee7d41a035c9cd24c229b023a94670fe83,optimal,Optimal,True,True,False,0.8073675050400198,0.2232757129240781,0.204212776,0.0001611798070371,0.0001577208749949,1.0310093420557678,-25.28696563768185,-25.286965637681817,3.1974423109204515e-14,0.0,856502272,644022272.0,,,63094,b40x4-02,b40x4,f00c45ae3d571a1eabe9e66d6034b90683f83626
LP-RANGED,1000,500,11,0,True,cuOpt,31fff43297f9ff70086909fa70f0a4ee7d41a035c9cd24c229b023a94670fe83,optimal,Optimal,True,True,False,0.022447173949331,0.1140381139703095,0.108810985,0.00015125493519,9.679398499429226e-05,0.1367745420429855,-25.28696563768185,-25.286965637681817,3.1974423109204515e-14,0.0,858206208,644022272.0,,,63094,b40x4-02,b40x4,f00c45ae3d571a1eabe9e66d6034b90683f83626
LP-RANGED,1000,500,11,1,True,cuOpt,31fff43297f9ff70086909fa70f0a4ee7d41a035c9cd24c229b023a94670fe83,optimal,Optimal,True,True,False,0.022259155055508,0.1133752330206334,0.108170411,0.0001528249122202,9.1940863057971e-05,0.135898265056312,-25.28696563768185,-25.286965637681817,3.1974423109204515e-14,0.0,858206208,644022272.0,,,63094,b40x4-02,b40x4,f00c45ae3d571a1eabe9e66d6034b90683f83626
LP-RANGED,1000,500,11,2,True,cuOpt,31fff43297f9ff70086909fa70f0a4ee7d41a035c9cd24c229b023a94670fe83,optimal,Optimal,True,True,False,0.0220453331712633,0.1130552049726247,0.107996944,0.0001489878632128,8.81589949131012e-05,0.135356503073126,-25.28696563768185,-25.286965637681817,3.1974423109204515e-14,0.0,858730496,644022272.0,,,63094,b40x4-02,b40x4,f00c45ae3d571a1eabe9e66d6034b90683f83626
LP-RANGED,1000,500,29,-1,False,cuOpt,502ea8f578b92e880ccc2156f9034166fe0b9e9fb9b64a5fb8ccbdda28e6507c,optimal,Optimal,True,True,False,0.022753387922421,0.1188620841130614,0.113846522,0.000146202975884,9.737582877278328e-05,0.1418765371199697,-25.102986901998072,-25.10298690199808,7.105427357601002e-15,0.0,858730496,644022272.0,,,63094,b40x4-02,b40x4,f00c45ae3d571a1eabe9e66d6034b90683f83626
LP-RANGED,1000,500,29,0,True,cuOpt,502ea8f578b92e880ccc2156f9034166fe0b9e9fb9b64a5fb8ccbdda28e6507c,optimal,Optimal,True,True,False,0.0225004160311073,0.1187744240742176,0.11380042,0.000152023974806,9.336904622614384e-05,0.1415380369871854,-25.102986901998072,-25.10298690199808,7.105427357601002e-15,0.0,858730496,644022272.0,,,63094,b40x4-02,b40x4,f00c45ae3d571a1eabe9e66d6034b90683f83626
LP-RANGED,1000,500,29,1,True,cuOpt,502ea8f578b92e880ccc2156f9034166fe0b9e9fb9b64a5fb8ccbdda28e6507c,optimal,Optimal,True,True,False,0.0226329939905554,0.1190289070364087,0.114050783,0.0001536798663437,8.601415902376175e-05,0.1419201691169291,-25.102986901998072,-25.10298690199808,7.105427357601002e-15,0.0,858730496,644022272.0,,,63094,b40x4-02,b40x4,f00c45ae3d571a1eabe9e66d6034b90683f83626
LP-RANGED,1000,500,29,2,True,cuOpt,502ea8f578b92e880ccc2156f9034166fe0b9e9fb9b64a5fb8ccbdda28e6507c,optimal,Optimal,True,True,False,0.0225157078821212,0.1186226429417729,0.113767837,0.0001478190533816,8.846307173371315e-05,0.1413927569519728,-25.102986901998072,-25.10298690199808,7.105427357601002e-15,0.0,858730496,644022272.0,,,63094,b40x4-02,b40x4,f00c45ae3d571a1eabe9e66d6034b90683f83626
LP-RANGED,1000,500,47,-1,False,cuOpt,ff20c46f3a24f9bd57c968931776f59397c9c44ea3870ead52a609c43e766c79,optimal,Optimal,True,True,False,0.0223221420310437,0.1186244490090757,0.113737341,0.0001479531638324,8.84239561855793e-05,0.1412011228967458,-25.08439564625799,-25.08439564625797,1.7763568394002505e-14,0.0,859254784,644022272.0,,,63094,b40x4-02,b40x4,f00c45ae3d571a1eabe9e66d6034b90683f83626
LP-RANGED,1000,500,47,0,True,cuOpt,ff20c46f3a24f9bd57c968931776f59397c9c44ea3870ead52a609c43e766c79,optimal,Optimal,True,True,False,0.0226541738957166,0.1187398468609899,0.113873471,0.0001497738994657,8.565490134060383e-05,0.1416468720417469,-25.08439564625799,-25.08439564625797,1.7763568394002505e-14,0.0,859254784,644022272.0,,,63094,b40x4-02,b40x4,f00c45ae3d571a1eabe9e66d6034b90683f83626
LP-RANGED,1000,500,47,1,True,cuOpt,ff20c46f3a24f9bd57c968931776f59397c9c44ea3870ead52a609c43e766c79,optimal,Optimal,True,True,False,0.022330290172249,0.1185249530244618,0.113699324,0.0001469270791858,8.642487227916718e-05,0.1411054988857358,-25.08439564625799,-25.08439564625797,1.7763568394002505e-14,0.0,859254784,644022272.0,,,63094,b40x4-02,b40x4,f00c45ae3d571a1eabe9e66d6034b90683f83626
LP-RANGED,1000,500,47,2,True,cuOpt,ff20c46f3a24f9bd57c968931776f59397c9c44ea3870ead52a609c43e766c79,optimal,Optimal,True,True,False,0.0220910529606044,0.1185559551231563,0.113590996,0.0001450108829885,8.936994709074497e-05,0.1408990239724517,-25.08439564625799,-25.08439564625797,1.7763568394002505e-14,0.0,859254784,644022272.0,,,63094,b40x4-02,b40x4,f00c45ae3d571a1eabe9e66d6034b90683f83626
LP-RANGED,3000,1500,11,-1,False,cuOpt,b00289481a93a08e32e1a301cb65dee5f3036ab480f23fd54a4dd9b902c9cdb9,optimal,Optimal,True,True,False,0.0692156520672142,0.418426196090877,0.408129917,0.0004249939229339,0.0001721391454339,0.4882590039633214,-43.92080094378583,-43.92080094378585,2.1316282072803012e-14,0.0,914014208,1048772608.0,,,63094,b40x4-02,b40x4,f00c45ae3d571a1eabe9e66d6034b90683f83626
LP-RANGED,3000,1500,11,0,True,cuOpt,b00289481a93a08e32e1a301cb65dee5f3036ab480f23fd54a4dd9b902c9cdb9,optimal,Optimal,True,True,False,0.0686771441251039,0.2837907960638404,0.27401024,0.0004096010234206,0.0001112611498683,0.3530085608363151,-43.92080094378583,-43.92080094378585,2.1316282072803012e-14,0.0,919756800,1048772608.0,,,63094,b40x4-02,b40x4,f00c45ae3d571a1eabe9e66d6034b90683f83626
LP-RANGED,3000,1500,11,1,True,cuOpt,b00289481a93a08e32e1a301cb65dee5f3036ab480f23fd54a4dd9b902c9cdb9,optimal,Optimal,True,True,False,0.0676056200172752,0.3006383317988366,0.290839573,0.0004121910315006,0.0001146891154348,0.3687890549190342,-43.92080094378583,-43.92080094378585,2.1316282072803012e-14,0.0,923222016,1048772608.0,,,63094,b40x4-02,b40x4,f00c45ae3d571a1eabe9e66d6034b90683f83626
LP-RANGED,3000,1500,11,2,True,cuOpt,b00289481a93a08e32e1a301cb65dee5f3036ab480f23fd54a4dd9b902c9cdb9,optimal,Optimal,True,True,False,0.0677216779440641,0.3028592900373041,0.29318984,0.0004147700965404,0.000112511916086,0.3711272999644279,-43.92080094378583,-43.92080094378585,2.1316282072803012e-14,0.0,925798400,1048772608.0,,,63094,b40x4-02,b40x4,f00c45ae3d571a1eabe9e66d6034b90683f83626
LP-RANGED,3000,1500,29,-1,False,cuOpt,4f4ba0315c2b628fa51d9331169ab14bbc78780187963860c517e3000375e82d,optimal,Optimal,True,True,False,0.0685395710170269,0.319710454903543,0.309652228,0.0004308759234845,0.0001866458915174,0.3888874959666282,-44.001562565837474,-44.00156256583767,1.9895196601282805e-13,0.0,928333824,1048772608.0,,,63094,b40x4-02,b40x4,f00c45ae3d571a1eabe9e66d6034b90683f83626
LP-RANGED,3000,1500,29,0,True,cuOpt,4f4ba0315c2b628fa51d9331169ab14bbc78780187963860c517e3000375e82d,optimal,Optimal,True,True,False,0.0677618570625782,0.317133089993149,0.307613951,0.0004085879772901,0.0001085558906197,0.3854402569122612,-44.001562565837474,-44.00156256583767,1.9895196601282805e-13,0.0,930779136,1048772608.0,,,63094,b40x4-02,b40x4,f00c45ae3d571a1eabe9e66d6034b90683f83626
LP-RANGED,3000,1500,29,1,True,cuOpt,4f4ba0315c2b628fa51d9331169ab14bbc78780187963860c517e3000375e82d,optimal,Optimal,True,True,False,0.0679467760492116,0.2690331521444022,0.259482619,0.0003952209372073,0.0002078709658235,0.337601609993726,-44.001562565837474,-44.00156256583767,1.9895196601282805e-13,0.0,933371904,1048772608.0,,,63094,b40x4-02,b40x4,f00c45ae3d571a1eabe9e66d6034b90683f83626
LP-RANGED,3000,1500,29,2,True,cuOpt,4f4ba0315c2b628fa51d9331169ab14bbc78780187963860c517e3000375e82d,optimal,Optimal,True,True,False,0.0672719720751047,0.3217492599505931,0.312237197,0.0003980521578341,0.0001120590604841,0.3895489911083132,-44.001562565837474,-44.00156256583767,1.9895196601282805e-13,0.0,936427520,1048772608.0,,,63094,b40x4-02,b40x4,f00c45ae3d571a1eabe9e66d6034b90683f83626
LP-RANGED,3000,1500,47,-1,False,cuOpt,f4a056b01880f47fa41dea6dab7c8936a68969d251927f2759589a3102af9787,optimal,Optimal,True,True,False,0.0672070279251784,0.3055494439322501,0.296038728,0.0004095558542758,0.000108044128865,0.3732922440394759,-44.03278986767206,-44.032789867672,5.684341886080804e-14,0.0,938979328,1048772608.0,,,63094,b40x4-02,b40x4,f00c45ae3d571a1eabe9e66d6034b90683f83626
LP-RANGED,3000,1500,47,0,True,cuOpt,f4a056b01880f47fa41dea6dab7c8936a68969d251927f2759589a3102af9787,optimal,Optimal,True,True,False,0.0672149991150945,0.318768474040553,0.309232736,0.0004125088453292,0.0001118539366871,0.3865259289741516,-44.03278986767206,-44.032789867672,5.684341886080804e-14,0.0,941383680,1048772608.0,,,63094,b40x4-02,b40x4,f00c45ae3d571a1eabe9e66d6034b90683f83626
LP-RANGED,3000,1500,47,1,True,cuOpt,f4a056b01880f47fa41dea6dab7c8936a68969d251927f2759589a3102af9787,optimal,Optimal,True,True,False,0.0671188340056687,0.3186957540456205,0.308989294,0.0004009217955172,0.0003034248948097,0.3865379400085658,-44.03278986767206,-44.032789867672,5.684341886080804e-14,0.0,943783936,1048772608.0,,,63094,b40x4-02,b40x4,f00c45ae3d571a1eabe9e66d6034b90683f83626
LP-RANGED,3000,1500,47,2,True,cuOpt,f4a056b01880f47fa41dea6dab7c8936a68969d251927f2759589a3102af9787,optimal,Optimal,True,True,False,0.0675015221349895,0.3198297328781336,0.309967859,0.0004447109531611,0.0001177969388663,0.3879118098411709,-44.03278986767206,-44.032789867672,5.684341886080804e-14,0.0,948436992,1048772608.0,,,63094,b40x4-02,b40x4,f00c45ae3d571a1eabe9e66d6034b90683f83626
LP-RANGED,10000,5000,11,-1,False,cuOpt,743ed958f918fd572b8549f0a28bafb19260417a42e83c5d1508b942e2236a49,optimal,Optimal,True,True,False,1.0263608589302748,1.3367419310379771,1.291068181,0.0014115991070866,0.0007211230695247,2.3652834510430694,-79.65807079980891,-79.6580707998088,1.1368683772161605e-13,0.0,1105788928,5089984512.0,,,63094,b40x4-02,b40x4,f00c45ae3d571a1eabe9e66d6034b90683f83626
LP-RANGED,10000,5000,11,0,True,cuOpt,743ed958f918fd572b8549f0a28bafb19260417a42e83c5d1508b942e2236a49,optimal,Optimal,True,True,False,0.2347736959345638,1.0954713199753314,1.065645483,0.001453252043575,0.0003133509308099,1.3320754391606895,-79.65807079980891,-79.6580707998088,1.1368683772161605e-13,0.0,1117278208,5089984512.0,,,63094,b40x4-02,b40x4,f00c45ae3d571a1eabe9e66d6034b90683f83626
LP-RANGED,10000,5000,11,1,True,cuOpt,743ed958f918fd572b8549f0a28bafb19260417a42e83c5d1508b942e2236a49,optimal,Optimal,True,True,False,0.2303597931750118,1.1007472509518266,1.070946306,0.0014135201927274,0.0004312640521675,1.3329919669777155,-79.65807079980891,-79.6580707998088,1.1368683772161605e-13,0.0,1120161792,5089984512.0,,,63094,b40x4-02,b40x4,f00c45ae3d571a1eabe9e66d6034b90683f83626
LP-RANGED,10000,5000,11,2,True,cuOpt,743ed958f918fd572b8549f0a28bafb19260417a42e83c5d1508b942e2236a49,optimal,Optimal,True,True,False,0.2270561698824167,1.037070007994771,1.006637888,0.0013591418974101,0.0004455000162124,1.2659718981012702,-79.65807079980891,-79.6580707998088,1.1368683772161605e-13,0.0,1130012672,5089984512.0,,,63094,b40x4-02,b40x4,f00c45ae3d571a1eabe9e66d6034b90683f83626
LP-RANGED,10000,5000,29,-1,False,cuOpt,b4de6f63802cc856a0718b8801f95808eee3566105ef8c45acfa55d468f2bbb8,optimal,Optimal,True,True,False,0.2311082000378519,1.1751481720712036,1.146392524,0.0014030369929969,0.0004608880262821,1.4081713510677218,-80.27303714463443,-80.27303714463424,1.8474111129762605e-13,0.0,1133547520,4787994624.0,,,63094,b40x4-02,b40x4,f00c45ae3d571a1eabe9e66d6034b90683f83626
LP-RANGED,10000,5000,29,0,True,cuOpt,b4de6f63802cc856a0718b8801f95808eee3566105ef8c45acfa55d468f2bbb8,optimal,Optimal,True,True,False,0.2952644790057093,1.1824379230383784,1.148940844,0.0014346810057759,0.0002265069633722,1.4794024238362908,-80.27303714463443,-80.27303714463424,1.8474111129762605e-13,0.0,1136291840,4787994624.0,,,63094,b40x4-02,b40x4,f00c45ae3d571a1eabe9e66d6034b90683f83626
LP-RANGED,10000,5000,29,1,True,cuOpt,b4de6f63802cc856a0718b8801f95808eee3566105ef8c45acfa55d468f2bbb8,optimal,Optimal,True,True,False,0.2318281880579888,1.149829569971189,1.118195261,0.0015572858974337,0.0004022470675408,1.383640117943287,-80.27303714463443,-80.27303714463424,1.8474111129762605e-13,0.0,1139593216,4787994624.0,,,63094,b40x4-02,b40x4,f00c45ae3d571a1eabe9e66d6034b90683f83626
LP-RANGED,10000,5000,29,2,True,cuOpt,b4de6f63802cc856a0718b8801f95808eee3566105ef8c45acfa55d468f2bbb8,optimal,Optimal,True,True,False,0.2320149061270058,1.122795521048829,1.093195824,0.0014685369096696,0.0004676009994,1.356782059185207,-80.27303714463443,-80.27303714463424,1.8474111129762605e-13,0.0,1142337536,4787994624.0,,,63094,b40x4-02,b40x4,f00c45ae3d571a1eabe9e66d6034b90683f83626
LP-RANGED,10000,5000,47,-1,False,cuOpt,2021ca7823429db5fbd374e596ee49a239c4139a4d0af29d8eed594d225549d7,optimal,Optimal,True,True,False,0.2310002241283655,1.0691349029075354,1.036570635,0.0014676731079816,0.0003169300034642,1.3019582049455494,-80.67894171045441,-80.67894171045504,6.252776074688889e-13,0.0,1145085952,5123538944.0,,,63094,b40x4-02,b40x4,f00c45ae3d571a1eabe9e66d6034b90683f83626
LP-RANGED,10000,5000,47,0,True,cuOpt,2021ca7823429db5fbd374e596ee49a239c4139a4d0af29d8eed594d225549d7,optimal,Optimal,True,True,False,0.2288062481675297,1.1209856900386512,1.092807377,0.0014066500589251,0.0002021910622715,1.3514492639806122,-80.67894171045441,-80.67894171045504,6.252776074688889e-13,0.0,1148420096,5123538944.0,,,63094,b40x4-02,b40x4,f00c45ae3d571a1eabe9e66d6034b90683f83626
LP-RANGED,10000,5000,47,1,True,cuOpt,2021ca7823429db5fbd374e596ee49a239c4139a4d0af29d8eed594d225549d7,optimal,Optimal,True,True,False,0.2281479609664529,1.1231235680170355,1.093993404,0.001424757996574,0.0003405690658837,1.3530757499393076,-80.67894171045441,-80.67894171045504,6.252776074688889e-13,0.0,1151893504,5123538944.0,,,63094,b40x4-02,b40x4,f00c45ae3d571a1eabe9e66d6034b90683f83626
LP-RANGED,10000,5000,47,2,True,cuOpt,2021ca7823429db5fbd374e596ee49a239c4139a4d0af29d8eed594d225549d7,optimal,Optimal,True,True,False,0.2289220860693603,1.114716941025108,1.085774424,0.0013562189415097,0.0003303221892565,1.3453493749257175,-80.67894171045441,-80.67894171045504,6.252776074688889e-13,0.0,1154637824,5123538944.0,,,63094,b40x4-02,b40x4,f00c45ae3d571a1eabe9e66d6034b90683f83626
LP-MIXED,100,100,11,-1,False,cuOpt,e67016ee37a2481452dfa4752d27505e8a399ef7294aa096e67aeb09babeaf6b,optimal,Optimal,True,True,False,0.0040525828953832,0.0383347109891474,0.03503908,2.762977965176105e-05,7.658591493964195e-05,0.0425125169567763,0.2027261810765862,0.2027261810765862,8.326672684688674e-17,2.6367796834847473e-16,1152540672,644022272.0,,,63094,b40x4-02,b40x4,f00c45ae3d571a1eabe9e66d6034b90683f83626
LP-MIXED,100,100,11,0,True,cuOpt,e67016ee37a2481452dfa4752d27505e8a399ef7294aa096e67aeb09babeaf6b,optimal,Optimal,True,True,False,0.0040648749563843,0.0370840781833976,0.034166651,2.507679164409637e-05,7.573910988867283e-05,0.0412692560348659,0.2027261810765862,0.2027261810765862,8.326672684688674e-17,2.6367796834847473e-16,1152540672,644022272.0,,,63094,b40x4-02,b40x4,f00c45ae3d571a1eabe9e66d6034b90683f83626
LP-MIXED,100,100,11,1,True,cuOpt,e67016ee37a2481452dfa4752d27505e8a399ef7294aa096e67aeb09babeaf6b,optimal,Optimal,True,True,False,0.0040325068403035,0.0366799018811434,0.033951709,2.300995402038097e-05,7.891887798905373e-05,0.0408329209312796,0.2027261810765862,0.2027261810765862,8.326672684688674e-17,2.6367796834847473e-16,1152540672,644022272.0,,,63094,b40x4-02,b40x4,f00c45ae3d571a1eabe9e66d6034b90683f83626
LP-MIXED,100,100,11,2,True,cuOpt,e67016ee37a2481452dfa4752d27505e8a399ef7294aa096e67aeb09babeaf6b,optimal,Optimal,True,True,False,0.0040607640985399,0.0367944650352001,0.034048912,2.53759790211916e-05,8.641509339213371e-05,0.0409992670174688,0.2027261810765862,0.2027261810765862,8.326672684688674e-17,2.6367796834847473e-16,1152540672,644022272.0,,,63094,b40x4-02,b40x4,f00c45ae3d571a1eabe9e66d6034b90683f83626
LP-MIXED,100,100,29,-1,False,cuOpt,23d704b61a81180ca10b20375d05d97d2d10967f01d6caec9bb8f4ff2aefe88d,optimal,Optimal,True,True,False,0.0039699210319668,0.0367644219659268,0.034031338,2.253497950732708e-05,8.317781612277031e-05,0.0408585648983716,-0.0067746016949577,-0.0067746016949577,1.8214596497756478e-17,2.289834988289385e-16,1152540672,644022272.0,,,63094,b40x4-02,b40x4,f00c45ae3d571a1eabe9e66d6034b90683f83626
LP-MIXED,100,100,29,0,True,cuOpt,23d704b61a81180ca10b20375d05d97d2d10967f01d6caec9bb8f4ff2aefe88d,optimal,Optimal,True,True,False,0.0040431269444525,0.0366771079134196,0.033930073,2.3480970412492752e-05,7.741199806332588e-05,0.0408401901368051,-0.0067746016949577,-0.0067746016949577,1.8214596497756478e-17,2.289834988289385e-16,1152540672,644022272.0,,,63094,b40x4-02,b40x4,f00c45ae3d571a1eabe9e66d6034b90683f83626
LP-MIXED,100,100,29,1,True,cuOpt,23d704b61a81180ca10b20375d05d97d2d10967f01d6caec9bb8f4ff2aefe88d,optimal,Optimal,True,True,False,0.0040361839346587,0.0368403350003063,0.034094961,2.2586900740861893e-05,7.803295738995075e-05,0.0409963310230523,-0.0067746016949577,-0.0067746016949577,1.8214596497756478e-17,2.289834988289385e-16,1152540672,644022272.0,,,63094,b40x4-02,b40x4,f00c45ae3d571a1eabe9e66d6034b90683f83626
LP-MIXED,100,100,29,2,True,cuOpt,23d704b61a81180ca10b20375d05d97d2d10967f01d6caec9bb8f4ff2aefe88d,optimal,Optimal,True,True,False,0.0040415769908577,0.0367843420244753,0.034026567,2.350006252527237e-05,7.512606680393219e-05,0.0409436470363289,-0.0067746016949577,-0.0067746016949577,1.8214596497756478e-17,2.289834988289385e-16,1152540672,644022272.0,,,63094,b40x4-02,b40x4,f00c45ae3d571a1eabe9e66d6034b90683f83626
LP-MIXED,100,100,47,-1,False,cuOpt,021bcf8bbe5724098217586683dcac9ed05897ea5a5be6a0353b338e0b478fba,optimal,Optimal,True,True,False,0.0040275179781019,0.0368016918655484,0.033986997,2.435990609228611e-05,7.776403799653053e-05,0.040949824033305,0.0907976368950187,0.0907976368950188,8.326672684688674e-17,3.191891195797325e-16,1152540672,644022272.0,,,63094,b40x4-02,b40x4,f00c45ae3d571a1eabe9e66d6034b90683f83626
LP-MIXED,100,100,47,0,True,cuOpt,021bcf8bbe5724098217586683dcac9ed05897ea5a5be6a0353b338e0b478fba,optimal,Optimal,True,True,False,0.0040414738468825,0.0377252588514238,0.034677027,3.461400046944618e-05,0.0001670860219746,0.0419882559217512,0.0907976368950187,0.0907976368950188,8.326672684688674e-17,3.191891195797325e-16,1152540672,644022272.0,,,63094,b40x4-02,b40x4,f00c45ae3d571a1eabe9e66d6034b90683f83626
LP-MIXED,100,100,47,1,True,cuOpt,021bcf8bbe5724098217586683dcac9ed05897ea5a5be6a0353b338e0b478fba,optimal,Optimal,True,True,False,0.0041332349646836,0.036865480011329,0.034081677,2.308003604412079e-05,7.42659904062748e-05,0.0411252619232982,0.0907976368950187,0.0907976368950188,8.326672684688674e-17,3.191891195797325e-16,1152540672,644022272.0,,,63094,b40x4-02,b40x4,f00c45ae3d571a1eabe9e66d6034b90683f83626
LP-MIXED,100,100,47,2,True,cuOpt,021bcf8bbe5724098217586683dcac9ed05897ea5a5be6a0353b338e0b478fba,optimal,Optimal,True,True,False,0.0040756878443062,0.0367445659358054,0.03397626,2.311309799551964e-05,7.496983744204044e-05,0.0409364630468189,0.0907976368950187,0.0907976368950188,8.326672684688674e-17,3.191891195797325e-16,1152540672,644022272.0,,,63094,b40x4-02,b40x4,f00c45ae3d571a1eabe9e66d6034b90683f83626
LP-MIXED,300,300,11,-1,False,cuOpt,c09bbed4b30e0558a7d2b50a0b44d4bb683e4052825012e7b2d525e4160b6f90,optimal,Optimal,True,True,False,0.7973456669133157,0.1742487901356071,0.158325643,6.23019877821207e-05,0.0002200829330831,0.9719300090800972,-0.0309430335583709,-0.0309430335583708,6.938893903907227e-17,1.0793933802322184e-10,856743936,641925120.0,,,63094,b40x4-02,b40x4,f00c45ae3d571a1eabe9e66d6034b90683f83626
LP-MIXED,300,300,11,0,True,cuOpt,c09bbed4b30e0558a7d2b50a0b44d4bb683e4052825012e7b2d525e4160b6f90,optimal,Optimal,True,True,False,0.0124326851218938,0.0728426650166511,0.068699112,6.881100125610828e-05,0.0001207292079925,0.0855072301346808,-0.0309430335583709,-0.0309430335583708,6.938893903907227e-17,1.0793933802322184e-10,857747456,641925120.0,,,63094,b40x4-02,b40x4,f00c45ae3d571a1eabe9e66d6034b90683f83626
LP-MIXED,300,300,11,1,True,cuOpt,c09bbed4b30e0558a7d2b50a0b44d4bb683e4052825012e7b2d525e4160b6f90,optimal,Optimal,True,True,False,0.0121514829806983,0.0679820019286125,0.064521791,5.912990309298039e-05,8.0884899944067e-05,0.0802948051132261,-0.0309430335583709,-0.0309430335583708,6.938893903907227e-17,1.0793933802322184e-10,858271744,641925120.0,,,63094,b40x4-02,b40x4,f00c45ae3d571a1eabe9e66d6034b90683f83626
LP-MIXED,300,300,11,2,True,cuOpt,c09bbed4b30e0558a7d2b50a0b44d4bb683e4052825012e7b2d525e4160b6f90,optimal,Optimal,True,True,False,0.0120984357781708,0.0673111521173268,0.064006721,5.377503111958504e-05,7.743085734546185e-05,0.079560216050595,-0.0309430335583709,-0.0309430335583708,6.938893903907227e-17,1.0793933802322184e-10,858271744,641925120.0,,,63094,b40x4-02,b40x4,f00c45ae3d571a1eabe9e66d6034b90683f83626
LP-MIXED,300,300,29,-1,False,cuOpt,5ab9c454bb3191e2a5918ac221940600efcd422f1a4108132ea0d28e71489349,optimal,Optimal,True,True,False,0.0120549229905009,0.0598694640211761,0.056611632,5.514710210263729e-05,8.691498078405857e-05,0.0720844748429954,-0.1893653299184589,-0.1893653299184589,2.775557561562892e-17,2.1510571102112408e-16,858271744,641925120.0,,,63094,b40x4-02,b40x4,f00c45ae3d571a1eabe9e66d6034b90683f83626
LP-MIXED,300,300,29,0,True,cuOpt,5ab9c454bb3191e2a5918ac221940600efcd422f1a4108132ea0d28e71489349,optimal,Optimal,True,True,False,0.0120450570248067,0.0595773570239543,0.056316722,5.129119381308556e-05,8.672196418046951e-05,0.0717783051077276,-0.1893653299184589,-0.1893653299184589,2.775557561562892e-17,2.1510571102112408e-16,858271744,641925120.0,,,63094,b40x4-02,b40x4,f00c45ae3d571a1eabe9e66d6034b90683f83626
LP-MIXED,300,300,29,1,True,cuOpt,5ab9c454bb3191e2a5918ac221940600efcd422f1a4108132ea0d28e71489349,optimal,Optimal,True,True,False,0.0121092610061168,0.0596677570138126,0.056379859,5.276012234389782e-05,7.900502532720566e-05,0.0719269008841365,-0.1893653299184589,-0.1893653299184589,2.775557561562892e-17,2.1510571102112408e-16,858271744,641925120.0,,,63094,b40x4-02,b40x4,f00c45ae3d571a1eabe9e66d6034b90683f83626
LP-MIXED,300,300,29,2,True,cuOpt,5ab9c454bb3191e2a5918ac221940600efcd422f1a4108132ea0d28e71489349,optimal,Optimal,True,True,False,0.0121135369408875,0.0594403890427202,0.056191233,5.063298158347607e-05,8.713291026651859e-05,0.0717090589459985,-0.1893653299184589,-0.1893653299184589,2.775557561562892e-17,2.1510571102112408e-16,858271744,641925120.0,,,63094,b40x4-02,b40x4,f00c45ae3d571a1eabe9e66d6034b90683f83626
LP-MIXED,300,300,47,-1,False,cuOpt,080bd3f855eb2b32c5dcf045586cbef9fc2c1547857207fc4f1ca6b8b5d4894c,optimal,Optimal,True,True,False,0.0121135429944843,0.0664112321101129,0.063176264,5.35591971129179e-05,8.009001612663269e-05,0.0786763231735676,-0.2092780457832453,-0.2092780457832457,3.885780586188048e-16,1.4484288074489982e-10,858796032,641925120.0,,,63094,b40x4-02,b40x4,f00c45ae3d571a1eabe9e66d6034b90683f83626
LP-MIXED,300,300,47,0,True,cuOpt,080bd3f855eb2b32c5dcf045586cbef9fc2c1547857207fc4f1ca6b8b5d4894c,optimal,Optimal,True,True,False,0.0121152568608522,0.0664881439879536,0.063263087,5.31109981238842e-05,8.131912909448147e-05,0.0787605799268931,-0.2092780457832453,-0.2092780457832457,3.885780586188048e-16,1.4484288074489982e-10,858796032,641925120.0,,,63094,b40x4-02,b40x4,f00c45ae3d571a1eabe9e66d6034b90683f83626
LP-MIXED,300,300,47,1,True,cuOpt,080bd3f855eb2b32c5dcf045586cbef9fc2c1547857207fc4f1ca6b8b5d4894c,optimal,Optimal,True,True,False,0.0121259728912264,0.0665008900687098,0.06327163,5.2958959713578224e-05,7.896497845649719e-05,0.0787768980953842,-0.2092780457832453,-0.2092780457832457,3.885780586188048e-16,1.4484288074489982e-10,858796032,641925120.0,,,63094,b40x4-02,b40x4,f00c45ae3d571a1eabe9e66d6034b90683f83626
LP-MIXED,300,300,47,2,True,cuOpt,080bd3f855eb2b32c5dcf045586cbef9fc2c1547857207fc4f1ca6b8b5d4894c,optimal,Optimal,True,True,False,0.0121119699906557,0.0664725939277559,0.063234868,5.162111483514309e-05,7.863505743443966e-05,0.0787337098736316,-0.2092780457832453,-0.2092780457832457,3.885780586188048e-16,1.4484288074489982e-10,858796032,641925120.0,,,63094,b40x4-02,b40x4,f00c45ae3d571a1eabe9e66d6034b90683f83626
LP-MIXED,1000,1000,11,-1,False,cuOpt,048e2c4c189ced5f153b92fc2040dbcfeef65cf7359b7794cec836fa5a8046b7,optimal,Optimal,True,True,False,0.0420222720131278,0.1206004328560084,0.115416701,0.0001552770845592,9.34540294110775e-05,0.1628892009612172,0.1539470786863069,0.153947078686307,5.551115123125783e-17,1.9181346788688103e-10,871628800,847446016.0,,,63094,b40x4-02,b40x4,f00c45ae3d571a1eabe9e66d6034b90683f83626
LP-MIXED,1000,1000,11,0,True,cuOpt,048e2c4c189ced5f153b92fc2040dbcfeef65cf7359b7794cec836fa5a8046b7,optimal,Optimal,True,True,False,0.0416785972192883,0.1161878409329801,0.110977451,0.00015071593225,9.913183748722076e-05,0.1581494610290974,0.1539470786863069,0.153947078686307,5.551115123125783e-17,1.9181346788688103e-10,872153088,847446016.0,,,63094,b40x4-02,b40x4,f00c45ae3d571a1eabe9e66d6034b90683f83626
LP-MIXED,1000,1000,11,1,True,cuOpt,048e2c4c189ced5f153b92fc2040dbcfeef65cf7359b7794cec836fa5a8046b7,optimal,Optimal,True,True,False,0.0415999069809913,0.1176455169916153,0.112229376,0.0001610580366104,0.0001867508981376,0.1596134870778769,0.1539470786863069,0.153947078686307,5.551115123125783e-17,1.9181346788688103e-10,872153088,847446016.0,,,63094,b40x4-02,b40x4,f00c45ae3d571a1eabe9e66d6034b90683f83626
LP-MIXED,1000,1000,11,2,True,cuOpt,048e2c4c189ced5f153b92fc2040dbcfeef65cf7359b7794cec836fa5a8046b7,optimal,Optimal,True,True,False,0.0411986128892749,0.1170385589357465,0.110908435,0.0001513301394879,9.342003613710403e-05,0.1585097219794988,0.1539470786863069,0.153947078686307,5.551115123125783e-17,1.9181346788688103e-10,872153088,847446016.0,,,63094,b40x4-02,b40x4,f00c45ae3d571a1eabe9e66d6034b90683f83626
LP-MIXED,1000,1000,29,-1,False,cuOpt,2ce8f2c30f8b7125e019acdfa34bd4a2fd86cb34daccad04ceae1b0ca6913969,optimal,Optimal,True,True,False,0.0415893332101404,0.1171146039851009,0.112205454,0.0001527587883174,9.365798905491828e-05,0.1589685860089957,-0.150753120837636,-0.1507531208376358,1.6653345369377348e-16,2.9874800029638937e-10,872153088,813891584.0,,,63094,b40x4-02,b40x4,f00c45ae3d571a1eabe9e66d6034b90683f83626
LP-MIXED,1000,1000,29,0,True,cuOpt,2ce8f2c30f8b7125e019acdfa34bd4a2fd86cb34daccad04ceae1b0ca6913969,optimal,Optimal,True,True,False,0.0418434019666165,0.1174718041438609,0.112276924,0.0001516069751232,9.573879651725292e-05,0.1595798518974334,-0.150753120837636,-0.1507531208376358,1.6653345369377348e-16,2.9874800029638937e-10,872153088,813891584.0,,,63094,b40x4-02,b40x4,f00c45ae3d571a1eabe9e66d6034b90683f83626
LP-MIXED,1000,1000,29,1,True,cuOpt,2ce8f2c30f8b7125e019acdfa34bd4a2fd86cb34daccad04ceae1b0ca6913969,optimal,Optimal,True,True,False,0.041702524991706,0.1179035741370171,0.112690043,0.0001526391133666,0.0001022778451442,0.1598806418478489,-0.150753120837636,-0.1507531208376358,1.6653345369377348e-16,2.9874800029638937e-10,872153088,813891584.0,,,63094,b40x4-02,b40x4,f00c45ae3d571a1eabe9e66d6034b90683f83626
LP-MIXED,1000,1000,29,2,True,cuOpt,2ce8f2c30f8b7125e019acdfa34bd4a2fd86cb34daccad04ceae1b0ca6913969,optimal,Optimal,True,True,False,0.0423412239179015,0.11762300808914,0.112441844,0.000150570180267,9.592599235475063e-05,0.1602298491634428,-0.150753120837636,-0.1507531208376358,1.6653345369377348e-16,2.9874800029638937e-10,872677376,813891584.0,,,63094,b40x4-02,b40x4,f00c45ae3d571a1eabe9e66d6034b90683f83626
LP-MIXED,1000,1000,47,-1,False,cuOpt,c2ae60b8c42db5074dd3ec0a18c7257cd51430e1f612294b1b6516627ca89c3c,optimal,Optimal,True,True,False,0.0419683619402349,0.1170808458700776,0.111952104,0.0001523580867797,9.451992809772491e-05,0.1593141788616776,0.0037604166782419,0.0037604166782418,1.3877787807814457e-17,2.6913610229328805e-10,872677376,813891584.0,,,63094,b40x4-02,b40x4,f00c45ae3d571a1eabe9e66d6034b90683f83626
LP-MIXED,1000,1000,47,0,True,cuOpt,c2ae60b8c42db5074dd3ec0a18c7257cd51430e1f612294b1b6516627ca89c3c,optimal,Optimal,True,True,False,0.0411285480950027,0.1164009429048746,0.111424156,0.0001495520118623,9.44321509450674e-05,0.1578065911307931,0.0037604166782419,0.0037604166782418,1.3877787807814457e-17,2.6913610229328805e-10,872677376,813891584.0,,,63094,b40x4-02,b40x4,f00c45ae3d571a1eabe9e66d6034b90683f83626
LP-MIXED,1000,1000,47,1,True,cuOpt,c2ae60b8c42db5074dd3ec0a18c7257cd51430e1f612294b1b6516627ca89c3c,optimal,Optimal,True,True,False,0.0412376739550381,0.1168225379660725,0.111634279,0.0001512211747467,9.556114673614502e-05,0.1583247198723256,0.0037604166782419,0.0037604166782418,1.3877787807814457e-17,2.6913610229328805e-10,872677376,813891584.0,,,63094,b40x4-02,b40x4,f00c45ae3d571a1eabe9e66d6034b90683f83626
LP-MIXED,1000,1000,47,2,True,cuOpt,c2ae60b8c42db5074dd3ec0a18c7257cd51430e1f612294b1b6516627ca89c3c,optimal,Optimal,True,True,False,0.0410106829367578,0.1169585981406271,0.111816713,0.0001537159550935,9.589619003236294e-05,0.1582367869559675,0.0037604166782419,0.0037604166782418,1.3877787807814457e-17,2.6913610229328805e-10,872677376,813891584.0,,,63094,b40x4-02,b40x4,f00c45ae3d571a1eabe9e66d6034b90683f83626
LP-MIXED,3000,3000,11,-1,False,cuOpt,ffb94bf89a32c00f1d73deab102c97256ba8fb89ac4e922866a67a94c65a3d0e,optimal,Optimal,True,True,False,0.8647012310102582,0.6091856611892581,0.585251898,0.0004310680087655,0.0004169051535427,1.4747849251143634,-0.0014337830312998,-0.0014337830313,2.0513105103425744e-16,3.165949447048177e-11,914530304,2636316672.0,,,63094,b40x4-02,b40x4,f00c45ae3d571a1eabe9e66d6034b90683f83626
LP-MIXED,3000,3000,11,0,True,cuOpt,ffb94bf89a32c00f1d73deab102c97256ba8fb89ac4e922866a67a94c65a3d0e,optimal,Optimal,True,True,False,0.125856450991705,0.477492876118049,0.466974582,0.0004104399122297,0.0001286049373447,0.6039317089598626,-0.0014337830312998,-0.0014337830313,2.0513105103425744e-16,3.165949447048177e-11,925646848,2636316672.0,,,63094,b40x4-02,b40x4,f00c45ae3d571a1eabe9e66d6034b90683f83626
LP-MIXED,3000,3000,11,1,True,cuOpt,ffb94bf89a32c00f1d73deab102c97256ba8fb89ac4e922866a67a94c65a3d0e,optimal,Optimal,True,True,False,0.1235323068685829,0.4653430520556867,0.455210823,0.0004206211306154,0.0002838240470737,0.5896048489958048,-0.0014337830312998,-0.0014337830313,2.0513105103425744e-16,3.165949447048177e-11,936964096,2636316672.0,,,63094,b40x4-02,b40x4,f00c45ae3d571a1eabe9e66d6034b90683f83626
LP-MIXED,3000,3000,11,2,True,cuOpt,ffb94bf89a32c00f1d73deab102c97256ba8fb89ac4e922866a67a94c65a3d0e,optimal,Optimal,True,True,False,0.1243248570244759,0.4497677679173648,0.440002061,0.0004321720916777,0.0001244870945811,0.5746798040345311,-0.0014337830312998,-0.0014337830313,2.0513105103425744e-16,3.165949447048177e-11,939765760,2636316672.0,,,63094,b40x4-02,b40x4,f00c45ae3d571a1eabe9e66d6034b90683f83626
LP-MIXED,3000,3000,29,-1,False,cuOpt,d460ea85b2ea53242a85f7afed94cb55bd72471ed0725604118dccfc71d62647,optimal,Optimal,True,True,False,0.125420126831159,0.4383330589625984,0.428435581,0.0004251799546182,0.0001276000402867,0.5643421048298478,-0.151146409507102,-0.1511464095071019,8.326672684688674e-17,3.117003877228797e-11,942071808,2634219520.0,,,63094,b40x4-02,b40x4,f00c45ae3d571a1eabe9e66d6034b90683f83626
LP-MIXED,3000,3000,29,0,True,cuOpt,d460ea85b2ea53242a85f7afed94cb55bd72471ed0725604118dccfc71d62647,optimal,Optimal,True,True,False,0.1253485640045255,0.4763879859820008,0.466603677,0.0004187710583209,0.0001244300510734,0.6022975149098784,-0.151146409507102,-0.1511464095071019,8.326672684688674e-17,3.117003877228797e-11,944332800,2634219520.0,,,63094,b40x4-02,b40x4,f00c45ae3d571a1eabe9e66d6034b90683f83626
LP-MIXED,3000,3000,29,1,True,cuOpt,d460ea85b2ea53242a85f7afed94cb55bd72471ed0725604118dccfc71d62647,optimal,Optimal,True,True,False,0.1254703078884631,0.4851010169368237,0.475308694,0.0004024121444672,0.0001245520543307,0.6111174519173801,-0.151146409507102,-0.1511464095071019,8.326672684688674e-17,3.117003877228797e-11,947261440,2634219520.0,,,63094,b40x4-02,b40x4,f00c45ae3d571a1eabe9e66d6034b90683f83626
LP-MIXED,3000,3000,29,2,True,cuOpt,d460ea85b2ea53242a85f7afed94cb55bd72471ed0725604118dccfc71d62647,optimal,Optimal,True,True,False,0.125384913990274,0.4429553940426558,0.433284235,0.0004063439555466,0.0001828959211707,0.5689490949735045,-0.151146409507102,-0.1511464095071019,8.326672684688674e-17,3.117003877228797e-11,949501952,2634219520.0,,,63094,b40x4-02,b40x4,f00c45ae3d571a1eabe9e66d6034b90683f83626
LP-MIXED,3000,3000,47,-1,False,cuOpt,cb952609e9169ed3469f2740483b60fe69fe33667e1377e82aaeea168297e7c8,optimal,Optimal,True,True,False,0.124135194113478,0.4467387970071286,0.436504991,0.0004223508294671,0.0001798789016902,0.5714951511472464,0.0054672982409474,0.0054672982409474,2.255140518769849e-17,3.279813920453733e-11,952143872,2634219520.0,,,63094,b40x4-02,b40x4,f00c45ae3d571a1eabe9e66d6034b90683f83626
LP-MIXED,3000,3000,47,0,True,cuOpt,cb952609e9169ed3469f2740483b60fe69fe33667e1377e82aaeea168297e7c8,optimal,Optimal,True,True,False,0.1242737141437828,0.4822068950161338,0.472062036,0.000417168950662,0.0001237369142472,0.6070430281106383,0.0054672982409474,0.0054672982409474,2.255140518769849e-17,3.279813920453733e-11,954363904,2634219520.0,,,63094,b40x4-02,b40x4,f00c45ae3d571a1eabe9e66d6034b90683f83626
LP-MIXED,3000,3000,47,1,True,cuOpt,cb952609e9169ed3469f2740483b60fe69fe33667e1377e82aaeea168297e7c8,optimal,Optimal,True,True,False,0.1253011159133166,0.4737122571095824,0.463991883,0.0004068480338901,0.0001880680210888,0.5996270959731191,0.0054672982409474,0.0054672982409474,2.255140518769849e-17,3.279813920453733e-11,956829696,2634219520.0,,,63094,b40x4-02,b40x4,f00c45ae3d571a1eabe9e66d6034b90683f83626
LP-MIXED,3000,3000,47,2,True,cuOpt,cb952609e9169ed3469f2740483b60fe69fe33667e1377e82aaeea168297e7c8,optimal,Optimal,True,True,False,0.124154285993427,0.4320287029258907,0.422261979,0.0004019499756395,0.0001881711650639,0.556791900889948,0.0054672982409474,0.0054672982409474,2.255140518769849e-17,3.279813920453733e-11,959148032,2634219520.0,,,63094,b40x4-02,b40x4,f00c45ae3d571a1eabe9e66d6034b90683f83626
LP-MIXED,10000,10000,11,-1,False,cuOpt,de2a27f9e5a382272c15bf3fd39e8c3d82423d06e2391645b0fe14dc004de7eb,optimal,Optimal,True,True,False,0.4232379728928208,4.217699076980352,4.179834244,0.0015854691155254,0.0007026800885796,4.643252470996231,0.1105798909013658,0.1105798909013659,1.249000902703301e-16,4.0002279266815315e-11,1176801280,9850519552.0,,,63094,b40x4-02,b40x4,f00c45ae3d571a1eabe9e66d6034b90683f83626
LP-MIXED,10000,10000,11,0,True,cuOpt,de2a27f9e5a382272c15bf3fd39e8c3d82423d06e2391645b0fe14dc004de7eb,optimal,Optimal,True,True,False,0.4877332341857254,4.1838108520023525,4.144602008,0.0015106638893485,0.0006661911029368,4.673781190998852,0.1105798909013658,0.1105798909013659,1.249000902703301e-16,4.0002279266815315e-11,1212645376,9850519552.0,,,63094,b40x4-02,b40x4,f00c45ae3d571a1eabe9e66d6034b90683f83626
LP-MIXED,10000,10000,11,1,True,cuOpt,de2a27f9e5a382272c15bf3fd39e8c3d82423d06e2391645b0fe14dc004de7eb,optimal,Optimal,True,True,False,0.425907087046653,4.133934316923842,4.096292692,0.0016556149348616,0.0005721789784729,4.562113301130012,0.1105798909013658,0.1105798909013659,1.249000902703301e-16,4.0002279266815315e-11,1216462848,9850519552.0,,,63094,b40x4-02,b40x4,f00c45ae3d571a1eabe9e66d6034b90683f83626
LP-MIXED,10000,10000,11,2,True,cuOpt,de2a27f9e5a382272c15bf3fd39e8c3d82423d06e2391645b0fe14dc004de7eb,optimal,Optimal,True,True,False,0.4208309731911868,4.15235591493547,4.115325412,0.0014853149186819,0.0003810080233961,4.575098899193108,0.1105798909013658,0.1105798909013659,1.249000902703301e-16,4.0002279266815315e-11,1248350208,9850519552.0,,,63094,b40x4-02,b40x4,f00c45ae3d571a1eabe9e66d6034b90683f83626
LP-MIXED,10000,10000,29,-1,False,cuOpt,483d1af2b65793750e4585f08c8adb3d3d3de9fd74cb4b080d7dc61fe08e94cd,optimal,Optimal,True,True,False,0.4210816400591284,3.7622765828855336,3.729392049,0.0014885910786688,0.0003835409879684,4.185265318956226,-0.0261881758652461,-0.0261881758652461,3.122502256758253e-17,3.3086471062926386e-11,1251094528,9816965120.0,,,63094,b40x4-02,b40x4,f00c45ae3d571a1eabe9e66d6034b90683f83626
LP-MIXED,10000,10000,29,0,True,cuOpt,483d1af2b65793750e4585f08c8adb3d3d3de9fd74cb4b080d7dc61fe08e94cd,optimal,Optimal,True,True,False,0.4203077079728246,3.715231337817386,3.679556572,0.0013843758497387,0.0003022248856723,4.137251840904355,-0.0261881758652461,-0.0261881758652461,3.122502256758253e-17,3.3086471062926386e-11,1253888000,9816965120.0,,,63094,b40x4-02,b40x4,f00c45ae3d571a1eabe9e66d6034b90683f83626
LP-MIXED,10000,10000,29,1,True,cuOpt,483d1af2b65793750e4585f08c8adb3d3d3de9fd74cb4b080d7dc61fe08e94cd,optimal,Optimal,True,True,False,0.4196229260414839,3.763291765004397,3.727758045,0.0016575530171394,0.0004703041631728,4.185068667167798,-0.0261881758652461,-0.0261881758652461,3.122502256758253e-17,3.3086471062926386e-11,1256624128,9816965120.0,,,63094,b40x4-02,b40x4,f00c45ae3d571a1eabe9e66d6034b90683f83626
LP-MIXED,10000,10000,29,2,True,cuOpt,483d1af2b65793750e4585f08c8adb3d3d3de9fd74cb4b080d7dc61fe08e94cd,optimal,Optimal,True,True,False,0.4847138279583305,3.7227640959899873,3.687209222,0.0014397110790014,0.0003884229809045,4.209357782965526,-0.0261881758652461,-0.0261881758652461,3.122502256758253e-17,3.3086471062926386e-11,1259704320,9816965120.0,,,63094,b40x4-02,b40x4,f00c45ae3d571a1eabe9e66d6034b90683f83626
LP-MIXED,10000,10000,47,-1,False,cuOpt,8181413373a165ad84a01bfe7fcedcd44271a7c9b84fef3be6cd6089125f0b7a,optimal,Optimal,True,True,False,0.4207539800554514,3.699736220994964,3.662244973,0.0014329529367387,0.0003760911058634,4.1223226089496166,-0.0196489372502923,-0.0196489372502922,1.3530843112619095e-16,3.397020859052802e-11,1262432256,9884073984.0,,,63094,b40x4-02,b40x4,f00c45ae3d571a1eabe9e66d6034b90683f83626
LP-MIXED,10000,10000,47,0,True,cuOpt,8181413373a165ad84a01bfe7fcedcd44271a7c9b84fef3be6cd6089125f0b7a,optimal,Optimal,True,True,False,0.4167056421283632,3.67674984713085,3.637347811,0.0015139020979404,0.0006898820865899,4.095703861908987,-0.0196489372502923,-0.0196489372502922,1.3530843112619095e-16,3.397020859052802e-11,1264758784,9884073984.0,,,63094,b40x4-02,b40x4,f00c45ae3d571a1eabe9e66d6034b90683f83626
LP-MIXED,10000,10000,47,1,True,cuOpt,8181413373a165ad84a01bfe7fcedcd44271a7c9b84fef3be6cd6089125f0b7a,optimal,Optimal,True,True,False,0.4172548779752105,3.708139026071876,3.665790932,0.0015934868715703,0.0005458982195705,4.127577390056104,-0.0196489372502923,-0.0196489372502922,1.3530843112619095e-16,3.397020859052802e-11,1267961856,9884073984.0,,,63094,b40x4-02,b40x4,f00c45ae3d571a1eabe9e66d6034b90683f83626
LP-MIXED,10000,10000,47,2,True,cuOpt,8181413373a165ad84a01bfe7fcedcd44271a7c9b84fef3be6cd6089125f0b7a,optimal,Optimal,True,True,False,0.4168383749201894,3.6824471179861575,3.641824502,0.0015314070042222,0.0004028349649161,4.1012755879201,-0.0196489372502923,-0.0196489372502922,1.3530843112619095e-16,3.397020859052802e-11,1271341056,9884073984.0,,,63094,b40x4-02,b40x4,f00c45ae3d571a1eabe9e66d6034b90683f83626
QP-DIAGONAL,100,50,11,-1,False,cuOpt,632e4483ff82616433ab0b7a6c42413d0e283efb7993d14e5b61237a99aaf163,optimal,Optimal,True,True,False,0.7000895948149264,0.2573150231037289,0.240672764,0.0001787180081009,0.000120067037642,0.9577621500939132,-0.9391529112644628,-0.9391529112644628,0.0,1.6653345369377348e-16,797806592,641925120.0,,,63094,b40x4-02,b40x4,f00c45ae3d571a1eabe9e66d6034b90683f83626
QP-DIAGONAL,100,50,11,0,True,cuOpt,632e4483ff82616433ab0b7a6c42413d0e283efb7993d14e5b61237a99aaf163,optimal,Optimal,True,True,False,0.0025075981393456,0.1716988140251487,0.168743579,0.0001487371046096,6.894906982779503e-05,0.174466153839603,-0.9391529112644628,-0.9391529112644628,0.0,1.6653345369377348e-16,802037760,641925120.0,,,63094,b40x4-02,b40x4,f00c45ae3d571a1eabe9e66d6034b90683f83626
QP-DIAGONAL,100,50,11,1,True,cuOpt,632e4483ff82616433ab0b7a6c42413d0e283efb7993d14e5b61237a99aaf163,optimal,Optimal,True,True,False,0.0024148211814463,0.1554110660217702,0.15271896,0.0001303669996559,5.994690582156181e-05,0.1580509040504694,-0.9391529112644628,-0.9391529112644628,0.0,1.6653345369377348e-16,804646912,641925120.0,,,63094,b40x4-02,b40x4,f00c45ae3d571a1eabe9e66d6034b90683f83626
QP-DIAGONAL,100,50,11,2,True,cuOpt,632e4483ff82616433ab0b7a6c42413d0e283efb7993d14e5b61237a99aaf163,optimal,Optimal,True,True,False,0.0023987528402358,0.1711724661290645,0.1684947,0.0001391607802361,5.920208059251309e-05,0.1738036980386823,-0.9391529112644628,-0.9391529112644628,0.0,1.6653345369377348e-16,806961152,641925120.0,,,63094,b40x4-02,b40x4,f00c45ae3d571a1eabe9e66d6034b90683f83626
QP-DIAGONAL,100,50,29,-1,False,cuOpt,1884f5c93ea8350670091d40c366e299372ae55f0c70d1970b2f7f368056b863,optimal,Optimal,True,True,False,0.0025021089240908,0.1455995780415833,0.142930704,0.0001312419772148,5.939998663961888e-05,0.1483110890258103,-0.9123279030605024,-0.9123279030605016,5.551115123125787e-16,0.0,809828352,641925120.0,,,63094,b40x4-02,b40x4,f00c45ae3d571a1eabe9e66d6034b90683f83626
QP-DIAGONAL,100,50,29,0,True,cuOpt,1884f5c93ea8350670091d40c366e299372ae55f0c70d1970b2f7f368056b863,optimal,Optimal,True,True,False,0.0024475001264363,0.1736677850130945,0.171028452,0.000138099072501,5.90919516980648e-05,0.1763309789821505,-0.9123279030605024,-0.9123279030605016,5.551115123125787e-16,0.0,812093440,641925120.0,,,63094,b40x4-02,b40x4,f00c45ae3d571a1eabe9e66d6034b90683f83626
QP-DIAGONAL,100,50,29,1,True,cuOpt,1884f5c93ea8350670091d40c366e299372ae55f0c70d1970b2f7f368056b863,optimal,Optimal,True,True,False,0.0024491108488291,0.1736623789183795,0.170953958,0.0001288230996578,5.963398143649101e-05,0.1763174969237297,-0.9123279030605024,-0.9123279030605016,5.551115123125787e-16,0.0,814796800,641925120.0,,,63094,b40x4-02,b40x4,f00c45ae3d571a1eabe9e66d6034b90683f83626
QP-DIAGONAL,100,50,29,2,True,cuOpt,1884f5c93ea8350670091d40c366e299372ae55f0c70d1970b2f7f368056b863,optimal,Optimal,True,True,False,0.0024614469148218,0.1738475831225514,0.171173196,0.0001322689931839,5.778903141617775e-05,0.1765164548996836,-0.9123279030605024,-0.9123279030605016,5.551115123125787e-16,0.0,817074176,641925120.0,,,63094,b40x4-02,b40x4,f00c45ae3d571a1eabe9e66d6034b90683f83626
QP-DIAGONAL,100,50,47,-1,False,cuOpt,36eb5237e2001eecd5383be62f510e35385e56b97cf09a55cc902e3ac93d0437,optimal,Optimal,True,True,False,0.0028021170292049,0.1619100398384034,0.159244217,0.0001342971809208,6.090383976697922e-05,0.1649263089057058,-1.092635202449625,-1.0926352024496244,6.661338147750939e-16,3.885780586188048e-16,819449856,641925120.0,,,63094,b40x4-02,b40x4,f00c45ae3d571a1eabe9e66d6034b90683f83626
QP-DIAGONAL,100,50,47,0,True,cuOpt,36eb5237e2001eecd5383be62f510e35385e56b97cf09a55cc902e3ac93d0437,optimal,Optimal,True,True,False,0.0024899819400161,0.1628009600099176,0.160167974,0.0001271311193704,5.870498716831207e-05,0.1654956149868667,-1.092635202449625,-1.0926352024496244,6.661338147750939e-16,3.885780586188048e-16,821784576,641925120.0,,,63094,b40x4-02,b40x4,f00c45ae3d571a1eabe9e66d6034b90683f83626
QP-DIAGONAL,100,50,47,1,True,cuOpt,36eb5237e2001eecd5383be62f510e35385e56b97cf09a55cc902e3ac93d0437,optimal,Optimal,True,True,False,0.0024078669957816,0.1631403209175914,0.160283538,0.0001302079763263,5.911686457693577e-05,0.165754617890343,-1.092635202449625,-1.0926352024496244,6.661338147750939e-16,3.885780586188048e-16,824459264,641925120.0,,,63094,b40x4-02,b40x4,f00c45ae3d571a1eabe9e66d6034b90683f83626
QP-DIAGONAL,100,50,47,2,True,cuOpt,36eb5237e2001eecd5383be62f510e35385e56b97cf09a55cc902e3ac93d0437,optimal,Optimal,True,True,False,0.0023724928032606,0.1670017910655588,0.163884256,0.0001591930631548,7.55121000111103e-05,0.1696290550753474,-1.092635202449625,-1.0926352024496244,6.661338147750939e-16,3.885780586188048e-16,826732544,641925120.0,,,63094,b40x4-02,b40x4,f00c45ae3d571a1eabe9e66d6034b90683f83626
QP-DIAGONAL,300,150,11,-1,False,cuOpt,6da69fe61b6c8a147793964c0f98c6a9e5887b49841bddac7b132db84d1a3f3f,optimal,Optimal,True,True,False,0.0070074219256639,0.2616163720376789,0.258246149,0.000207285163924,7.401383481919765e-05,0.2689417928922921,-0.8969479271395897,-0.8969479271395909,1.2212453270876722e-15,3.3306690738754696e-16,832032768,675479552.0,,,63094,b40x4-02,b40x4,f00c45ae3d571a1eabe9e66d6034b90683f83626
QP-DIAGONAL,300,150,11,0,True,cuOpt,6da69fe61b6c8a147793964c0f98c6a9e5887b49841bddac7b132db84d1a3f3f,optimal,Optimal,True,True,False,0.0067985889036208,0.2726314840838313,0.269390923,0.0002062728162854,6.379280239343643e-05,0.2797190891578793,-0.8969479271395897,-0.8969479271395909,1.2212453270876722e-15,3.3306690738754696e-16,835317760,675479552.0,,,63094,b40x4-02,b40x4,f00c45ae3d571a1eabe9e66d6034b90683f83626
QP-DIAGONAL,300,150,11,1,True,cuOpt,6da69fe61b6c8a147793964c0f98c6a9e5887b49841bddac7b132db84d1a3f3f,optimal,Optimal,True,True,False,0.0067896561231464,0.2716167750768363,0.268486854,0.0002055619843304,6.517604924738407e-05,0.2786965069826692,-0.8969479271395897,-0.8969479271395909,1.2212453270876722e-15,3.3306690738754696e-16,838127616,675479552.0,,,63094,b40x4-02,b40x4,f00c45ae3d571a1eabe9e66d6034b90683f83626
QP-DIAGONAL,300,150,11,2,True,cuOpt,6da69fe61b6c8a147793964c0f98c6a9e5887b49841bddac7b132db84d1a3f3f,optimal,Optimal,True,True,False,0.0067912361118942,0.2380433508660644,0.234807836,0.000267608789727,7.460801862180233e-05,0.2451963501516729,-0.8969479271395897,-0.8969479271395909,1.2212453270876722e-15,3.3306690738754696e-16,840458240,675479552.0,,,63094,b40x4-02,b40x4,f00c45ae3d571a1eabe9e66d6034b90683f83626
QP-DIAGONAL,300,150,29,-1,False,cuOpt,2e416737c164c9f2751df12ba8173cb09419f069b4db97bfadddb9a33fc539ba,optimal,Optimal,True,True,False,0.0067963420879095,0.2730771549977362,0.269746264,0.0002985070459544,0.000113968970254,0.2803051939699799,-0.7911935938086064,-0.7911935938086059,5.551115123125787e-16,0.0,842772480,675479552.0,,,63094,b40x4-02,b40x4,f00c45ae3d571a1eabe9e66d6034b90683f83626
QP-DIAGONAL,300,150,29,0,True,cuOpt,2e416737c164c9f2751df12ba8173cb09419f069b4db97bfadddb9a33fc539ba,optimal,Optimal,True,True,False,0.0067957281135022,0.2098376560024917,0.206644475,0.0002048290334641,6.35411124676466e-05,0.2169308129232376,-0.7911935938086064,-0.7911935938086059,5.551115123125787e-16,0.0,845004800,675479552.0,,,63094,b40x4-02,b40x4,f00c45ae3d571a1eabe9e66d6034b90683f83626
QP-DIAGONAL,300,150,29,1,True,cuOpt,2e416737c164c9f2751df12ba8173cb09419f069b4db97bfadddb9a33fc539ba,optimal,Optimal,True,True,False,0.0067790141329169,0.2682721319142729,0.265157138,0.000205990858376,7.016491144895554e-05,0.2753471999894827,-0.7911935938086064,-0.7911935938086059,5.551115123125787e-16,0.0,847228928,675479552.0,,,63094,b40x4-02,b40x4,f00c45ae3d571a1eabe9e66d6034b90683f83626
QP-DIAGONAL,300,150,29,2,True,cuOpt,2e416737c164c9f2751df12ba8173cb09419f069b4db97bfadddb9a33fc539ba,optimal,Optimal,True,True,False,0.0067498900461941,0.2509101231116801,0.247790517,0.0002096260432153,6.329687312245369e-05,0.257950740866363,-0.7911935938086064,-0.7911935938086059,5.551115123125787e-16,0.0,849518592,675479552.0,,,63094,b40x4-02,b40x4,f00c45ae3d571a1eabe9e66d6034b90683f83626
QP-DIAGONAL,300,150,47,-1,False,cuOpt,3d56bc11e5f53d51b3a6b29e6bc8a0bb56d73364046b91cd3f69ed81921e0655,optimal,Optimal,True,True,False,0.0067620652262121,0.2853652280755341,0.28117587,0.0003360130358487,0.0001343188341706,0.2926165221724659,-0.872354509807276,-0.8723545098072771,1.1102230246251563e-15,0.0,851886080,675479552.0,,,63094,b40x4-02,b40x4,f00c45ae3d571a1eabe9e66d6034b90683f83626
QP-DIAGONAL,300,150,47,0,True,cuOpt,3d56bc11e5f53d51b3a6b29e6bc8a0bb56d73364046b91cd3f69ed81921e0655,optimal,Optimal,True,True,False,0.0068743440788239,0.2843864969909191,0.279925465,0.0002889409661293,0.0001056769397109,0.2916809911839664,-0.872354509807276,-0.8723545098072771,1.1102230246251563e-15,0.0,854736896,675479552.0,,,63094,b40x4-02,b40x4,f00c45ae3d571a1eabe9e66d6034b90683f83626
QP-DIAGONAL,300,150,47,1,True,cuOpt,3d56bc11e5f53d51b3a6b29e6bc8a0bb56d73364046b91cd3f69ed81921e0655,optimal,Optimal,True,True,False,0.0069387040566653,0.2685240020509809,0.264795927,0.0002230289392173,0.0001215140800923,0.2758302609436214,-0.872354509807276,-0.8723545098072771,1.1102230246251563e-15,0.0,857137152,675479552.0,,,63094,b40x4-02,b40x4,f00c45ae3d571a1eabe9e66d6034b90683f83626
QP-DIAGONAL,300,150,47,2,True,cuOpt,3d56bc11e5f53d51b3a6b29e6bc8a0bb56d73364046b91cd3f69ed81921e0655,optimal,Optimal,True,True,False,0.0067466711625456,0.2676110831089318,0.264445397,0.000213551800698,6.455695256590843e-05,0.2746557279024273,-0.872354509807276,-0.8723545098072771,1.1102230246251563e-15,0.0,859373568,675479552.0,,,63094,b40x4-02,b40x4,f00c45ae3d571a1eabe9e66d6034b90683f83626
QP-DIAGONAL,1000,500,11,-1,False,cuOpt,4b7d693e8e9cb9d30254aedc4654cf5b659b27dfff3842e6295e4036acd95811,optimal,Optimal,True,True,False,0.7039308920502663,0.5881238621659577,0.569432252,0.0006821160204708,0.0002233211416751,1.2930183841381222,-0.8433628028590542,-0.8433628028590536,5.551115123125786e-16,0.0,834949120,778240000.0,,,63094,b40x4-02,b40x4,f00c45ae3d571a1eabe9e66d6034b90683f83626
QP-DIAGONAL,1000,500,11,0,True,cuOpt,4b7d693e8e9cb9d30254aedc4654cf5b659b27dfff3842e6295e4036acd95811,optimal,Optimal,True,True,False,0.0230417482089251,0.4619765328243375,0.456464076,0.0004790008533746,8.181296288967133e-05,0.4856275410857051,-0.8433628028590542,-0.8433628028590536,5.551115123125786e-16,0.0,839675904,778240000.0,,,63094,b40x4-02,b40x4,f00c45ae3d571a1eabe9e66d6034b90683f83626
QP-DIAGONAL,1000,500,11,1,True,cuOpt,4b7d693e8e9cb9d30254aedc4654cf5b659b27dfff3842e6295e4036acd95811,optimal,Optimal,True,True,False,0.0227261211257427,0.4655018120538443,0.460438906,0.000487535027787,9.536300785839558e-05,0.4888298220466822,-0.8433628028590542,-0.8433628028590536,5.551115123125786e-16,0.0,841961472,778240000.0,,,63094,b40x4-02,b40x4,f00c45ae3d571a1eabe9e66d6034b90683f83626
QP-DIAGONAL,1000,500,11,2,True,cuOpt,4b7d693e8e9cb9d30254aedc4654cf5b659b27dfff3842e6295e4036acd95811,optimal,Optimal,True,True,False,0.0226291709113866,0.4538556910119951,0.448784412,0.0004664380103349,7.792213000357151e-05,0.4770585240330547,-0.8433628028590542,-0.8433628028590536,5.551115123125786e-16,0.0,844283904,778240000.0,,,63094,b40x4-02,b40x4,f00c45ae3d571a1eabe9e66d6034b90683f83626
QP-DIAGONAL,1000,500,29,-1,False,cuOpt,6885337cc5de54c9c78188968ebc724408b14ff25c880548b38ebf449d74e93b,optimal,Optimal,True,True,False,0.0234349460806697,0.4903899920172989,0.485507365,0.0004871271084994,7.842504419386387e-05,0.5144264029804617,-0.8672798266955364,-0.8672798266955336,2.775557561562892e-15,0.0,846569472,778240000.0,,,63094,b40x4-02,b40x4,f00c45ae3d571a1eabe9e66d6034b90683f83626
QP-DIAGONAL,1000,500,29,0,True,cuOpt,6885337cc5de54c9c78188968ebc724408b14ff25c880548b38ebf449d74e93b,optimal,Optimal,True,True,False,0.022789095994085,0.4860857219900936,0.481269828,0.0004736410919576,7.253303192555904e-05,0.5094395529013127,-0.8672798266955364,-0.8672798266955336,2.775557561562892e-15,0.0,849035264,778240000.0,,,63094,b40x4-02,b40x4,f00c45ae3d571a1eabe9e66d6034b90683f83626
QP-DIAGONAL,1000,500,29,1,True,cuOpt,6885337cc5de54c9c78188968ebc724408b14ff25c880548b38ebf449d74e93b,optimal,Optimal,True,True,False,0.0226033451035618,0.4641047590412199,0.458828859,0.0004913050215691,9.39471647143364e-05,0.4873118298128247,-0.8672798266955364,-0.8672798266955336,2.775557561562892e-15,0.0,851312640,778240000.0,,,63094,b40x4-02,b40x4,f00c45ae3d571a1eabe9e66d6034b90683f83626
QP-DIAGONAL,1000,500,29,2,True,cuOpt,6885337cc5de54c9c78188968ebc724408b14ff25c880548b38ebf449d74e93b,optimal,Optimal,True,True,False,0.0226572612300515,0.4764583038631826,0.471082547,0.0004762359894812,7.208110764622688e-05,0.4996849340386688,-0.8672798266955364,-0.8672798266955336,2.775557561562892e-15,0.0,853598208,778240000.0,,,63094,b40x4-02,b40x4,f00c45ae3d571a1eabe9e66d6034b90683f83626
QP-DIAGONAL,1000,500,47,-1,False,cuOpt,68ac0271479b80e2f5e8952f463cad92de855c8eeea09a9889e8d296301cd0c6,optimal,Optimal,True,True,False,0.0234378708992153,0.437253959942609,0.432217812,0.0004672750364989,7.533887401223183e-05,0.4612536600325256,-0.9328209003181174,-0.9328209003181158,1.5543122344752197e-15,2.775557561562892e-17,856399872,778240000.0,,,63094,b40x4-02,b40x4,f00c45ae3d571a1eabe9e66d6034b90683f83626
QP-DIAGONAL,1000,500,47,0,True,cuOpt,68ac0271479b80e2f5e8952f463cad92de855c8eeea09a9889e8d296301cd0c6,optimal,Optimal,True,True,False,0.0227052050177007,0.4693369490560144,0.464447467,0.0004847100935876,7.259286940097809e-05,0.4926181200426072,-0.9328209003181174,-0.9328209003181158,1.5543122344752197e-15,2.775557561562892e-17,858697728,778240000.0,,,63094,b40x4-02,b40x4,f00c45ae3d571a1eabe9e66d6034b90683f83626
QP-DIAGONAL,1000,500,47,1,True,cuOpt,68ac0271479b80e2f5e8952f463cad92de855c8eeea09a9889e8d296301cd0c6,optimal,Optimal,True,True,False,0.0240980791859328,0.4432390839792788,0.43809374,0.0004691348876804,7.27740116417408e-05,0.46789730200544,-0.9328209003181174,-0.9328209003181158,1.5543122344752197e-15,2.775557561562892e-17,860954624,778240000.0,,,63094,b40x4-02,b40x4,f00c45ae3d571a1eabe9e66d6034b90683f83626
QP-DIAGONAL,1000,500,47,2,True,cuOpt,68ac0271479b80e2f5e8952f463cad92de855c8eeea09a9889e8d296301cd0c6,optimal,Optimal,True,True,False,0.0226180760655552,0.4887452111579478,0.483464512,0.0006258829962462,0.0001321141608059,0.512142671039328,-0.9328209003181174,-0.9328209003181158,1.5543122344752197e-15,2.775557561562892e-17,863248384,778240000.0,,,63094,b40x4-02,b40x4,f00c45ae3d571a1eabe9e66d6034b90683f83626
QP-DIAGONAL,3000,1500,11,-1,False,cuOpt,31effa791352bc40a60e6a25eedc30a9319ed24ef65cad35f2b5072a40d7c008,optimal,Optimal,True,True,False,0.0710987369529903,1.6162318338174373,1.604459745,0.0013154300395399,0.0002717589959502,1.6889489688910544,-0.8785910046848018,-0.8785910046847978,3.996802888650564e-15,0.0,906858496,2325938176.0,,,63094,b40x4-02,b40x4,f00c45ae3d571a1eabe9e66d6034b90683f83626
QP-DIAGONAL,3000,1500,11,0,True,cuOpt,31effa791352bc40a60e6a25eedc30a9319ed24ef65cad35f2b5072a40d7c008,optimal,Optimal,True,True,False,0.0696596119087189,1.6258313390426338,1.614416766,0.0014336630702018,0.0004054380115121,1.6973745478317142,-0.8785910046848018,-0.8785910046847978,3.996802888650564e-15,0.0,913559552,2325938176.0,,,63094,b40x4-02,b40x4,f00c45ae3d571a1eabe9e66d6034b90683f83626
QP-DIAGONAL,3000,1500,11,1,True,cuOpt,31effa791352bc40a60e6a25eedc30a9319ed24ef65cad35f2b5072a40d7c008,optimal,Optimal,True,True,False,0.0688537710811942,1.6210447649937123,1.609755561,0.0014052039477974,0.0002901928965002,1.691646832972765,-0.8785910046848018,-0.8785910046847978,3.996802888650564e-15,0.0,918450176,2325938176.0,,,63094,b40x4-02,b40x4,f00c45ae3d571a1eabe9e66d6034b90683f83626
QP-DIAGONAL,3000,1500,11,2,True,cuOpt,31effa791352bc40a60e6a25eedc30a9319ed24ef65cad35f2b5072a40d7c008,optimal,Optimal,True,True,False,0.0685061800759285,1.6063207709230485,1.596018665,0.0012187960091978,0.0003262050449848,1.6764033900108188,-0.8785910046848018,-0.8785910046847978,3.996802888650564e-15,0.0,920682496,2325938176.0,,,63094,b40x4-02,b40x4,f00c45ae3d571a1eabe9e66d6034b90683f83626
QP-DIAGONAL,3000,1500,29,-1,False,cuOpt,0bed01a713bc5fd1d85553c6c34c82178570394d7ed8a3f1652427a2f73c5e7d,optimal,Optimal,True,True,False,0.0689543618354946,1.6737490789964795,1.662617221,0.0013167441356927,0.0001537990756332,1.744199890177697,-0.8760704068033965,-0.8760704068033933,3.219646771412954e-15,0.0,925179904,2359492608.0,,,63094,b40x4-02,b40x4,f00c45ae3d571a1eabe9e66d6034b90683f83626
QP-DIAGONAL,3000,1500,29,0,True,cuOpt,0bed01a713bc5fd1d85553c6c34c82178570394d7ed8a3f1652427a2f73c5e7d,optimal,Optimal,True,True,False,0.0690245612058788,1.7124097601044923,1.702403858,0.0011712920386344,0.0001475589815527,1.7827821811661124,-0.8760704068033965,-0.8760704068033933,3.219646771412954e-15,0.0,932368384,2359492608.0,,,63094,b40x4-02,b40x4,f00c45ae3d571a1eabe9e66d6034b90683f83626
QP-DIAGONAL,3000,1500,29,1,True,cuOpt,0bed01a713bc5fd1d85553c6c34c82178570394d7ed8a3f1652427a2f73c5e7d,optimal,Optimal,True,True,False,0.0691172450315207,1.7231121088843793,1.712051567,0.0012033330276608,0.0001072471495717,1.7935595009475946,-0.8760704068033965,-0.8760704068033933,3.219646771412954e-15,0.0,936820736,2359492608.0,,,63094,b40x4-02,b40x4,f00c45ae3d571a1eabe9e66d6034b90683f83626
QP-DIAGONAL,3000,1500,29,2,True,cuOpt,0bed01a713bc5fd1d85553c6c34c82178570394d7ed8a3f1652427a2f73c5e7d,optimal,Optimal,True,True,False,0.0700269679073244,1.7106782111804932,1.700367621,0.0012459838762879,0.0002471178304404,1.7822179170325398,-0.8760704068033965,-0.8760704068033933,3.219646771412954e-15,0.0,939016192,2359492608.0,,,63094,b40x4-02,b40x4,f00c45ae3d571a1eabe9e66d6034b90683f83626
QP-DIAGONAL,3000,1500,47,-1,False,cuOpt,160d48f3c7037bdf371120da5839f28ebf77b9ea1b54a13c36c5f04ac397c693,optimal,Optimal,True,True,False,0.0692669639829546,1.5430760451126844,1.533149866,0.0012081761378794,0.0001103370450437,1.6136916307732465,-0.9056542173182444,-0.9056542173182468,2.55351295663786e-15,0.0,943448064,2393047040.0,,,63094,b40x4-02,b40x4,f00c45ae3d571a1eabe9e66d6034b90683f83626
QP-DIAGONAL,3000,1500,47,0,True,cuOpt,160d48f3c7037bdf371120da5839f28ebf77b9ea1b54a13c36c5f04ac397c693,optimal,Optimal,True,True,False,0.0692988689988851,1.5409253721591083,1.530419541,0.0011677779257297,9.960797615349291e-05,1.6115107799414543,-0.9056542173182444,-0.9056542173182468,2.55351295663786e-15,0.0,945627136,2393047040.0,,,63094,b40x4-02,b40x4,f00c45ae3d571a1eabe9e66d6034b90683f83626
QP-DIAGONAL,3000,1500,47,1,True,cuOpt,160d48f3c7037bdf371120da5839f28ebf77b9ea1b54a13c36c5f04ac397c693,optimal,Optimal,True,True,False,0.0694345640949904,1.496982059907168,1.487013263,0.0013086991384625,0.000168255995959,1.5679160279687494,-0.9056542173182444,-0.9056542173182468,2.55351295663786e-15,0.0,950071296,2393047040.0,,,63094,b40x4-02,b40x4,f00c45ae3d571a1eabe9e66d6034b90683f83626
QP-DIAGONAL,3000,1500,47,2,True,cuOpt,160d48f3c7037bdf371120da5839f28ebf77b9ea1b54a13c36c5f04ac397c693,optimal,Optimal,True,True,False,0.0689918389543891,1.5441672338638457,1.533927366,0.0012105400674045,0.0001570279709994,1.6145563239697367,-0.9056542173182444,-0.9056542173182468,2.55351295663786e-15,0.0,952381440,2393047040.0,,,63094,b40x4-02,b40x4,f00c45ae3d571a1eabe9e66d6034b90683f83626
QP-DIAGONAL,10000,5000,11,-1,False,cuOpt,19c04fbf70333cfeda9df494b1ffca81bef96f71d621455a71aee79d2663a367,optimal,Optimal,True,True,False,0.9181894608773292,7.22518535098061,7.179706934,0.0039328578859567,0.0005036040674895,8.147863063029945,-0.9052367059327964,-0.9052367059327808,1.554312234475219e-14,5.551115123125783e-17,1120219136,9659678720.0,,,63094,b40x4-02,b40x4,f00c45ae3d571a1eabe9e66d6034b90683f83626
QP-DIAGONAL,10000,5000,11,0,True,cuOpt,19c04fbf70333cfeda9df494b1ffca81bef96f71d621455a71aee79d2663a367,optimal,Optimal,True,True,False,0.2341539219487458,6.919885031878948,6.888193533,0.0040822380688041,0.0003199549391865,7.158479672856629,-0.9052367059327964,-0.9052367059327808,1.554312234475219e-14,5.551115123125783e-17,1140252672,9659678720.0,,,63094,b40x4-02,b40x4,f00c45ae3d571a1eabe9e66d6034b90683f83626
QP-DIAGONAL,10000,5000,11,1,True,cuOpt,19c04fbf70333cfeda9df494b1ffca81bef96f71d621455a71aee79d2663a367,optimal,Optimal,True,True,False,0.2310292071197182,6.9185549991671,6.889238047,0.0039263281505554,0.0003733690828084,7.153922556899488,-0.9052367059327964,-0.9052367059327808,1.554312234475219e-14,5.551115123125783e-17,1142579200,9659678720.0,,,63094,b40x4-02,b40x4,f00c45ae3d571a1eabe9e66d6034b90683f83626
QP-DIAGONAL,10000,5000,11,2,True,cuOpt,19c04fbf70333cfeda9df494b1ffca81bef96f71d621455a71aee79d2663a367,optimal,Optimal,True,True,False,0.2284760868642479,6.884185423143208,6.854218196,0.0040241519454866,0.0002741708885878,7.116982956882566,-0.9052367059327964,-0.9052367059327808,1.554312234475219e-14,5.551115123125783e-17,1145843712,9659678720.0,,,63094,b40x4-02,b40x4,f00c45ae3d571a1eabe9e66d6034b90683f83626
QP-DIAGONAL,10000,5000,29,-1,False,cuOpt,7ad962e1455b09c6c7769c8a15d1b21dca4363f2a9fce56d4926b4cfe8aa0b2f,optimal,Optimal,True,True,False,0.2306405468843877,7.352116458816454,7.320956857,0.0040647538844496,0.0002447431907057,7.587119203992188,-0.8965559255889485,-0.8965559255889486,1.1102230246251563e-16,0.0,1150238720,9626124288.0,,,63094,b40x4-02,b40x4,f00c45ae3d571a1eabe9e66d6034b90683f83626
QP-DIAGONAL,10000,5000,29,0,True,cuOpt,7ad962e1455b09c6c7769c8a15d1b21dca4363f2a9fce56d4926b4cfe8aa0b2f,optimal,Optimal,True,True,False,0.2896152259781956,7.3532888379413635,7.321931566,0.0041274118702858,0.0004699169658124,7.647527697030455,-0.8965559255889485,-0.8965559255889486,1.1102230246251563e-16,0.0,1153011712,9626124288.0,,,63094,b40x4-02,b40x4,f00c45ae3d571a1eabe9e66d6034b90683f83626
QP-DIAGONAL,10000,5000,29,1,True,cuOpt,7ad962e1455b09c6c7769c8a15d1b21dca4363f2a9fce56d4926b4cfe8aa0b2f,optimal,Optimal,True,True,False,0.2338605530094355,7.304597181966528,7.273578746,0.0038723170291632,0.0003491451498121,7.542729270877317,-0.8965559255889485,-0.8965559255889486,1.1102230246251563e-16,0.0,1155227648,9626124288.0,,,63094,b40x4-02,b40x4,f00c45ae3d571a1eabe9e66d6034b90683f83626
QP-DIAGONAL,10000,5000,29,2,True,cuOpt,7ad962e1455b09c6c7769c8a15d1b21dca4363f2a9fce56d4926b4cfe8aa0b2f,optimal,Optimal,True,True,False,0.2335564449895173,7.342170948861167,7.310958619,0.0041373749263584,0.0002883081324398,7.580179307144135,-0.8965559255889485,-0.8965559255889486,1.1102230246251563e-16,0.0,1157963776,9626124288.0,,,63094,b40x4-02,b40x4,f00c45ae3d571a1eabe9e66d6034b90683f83626
QP-DIAGONAL,10000,5000,47,-1,False,cuOpt,85309be770bb8bdc76450a0b16008d170e25d53bf45723a304aa40567bb53925,optimal,Optimal,True,True,False,0.2301524090580642,6.734760751016438,6.704660802,0.0039327519480139,0.000365458196029,6.969246323918924,-0.908170298427291,-0.9081702984272894,1.6653345369377348e-15,0.0,1160237056,9626124288.0,,,63094,b40x4-02,b40x4,f00c45ae3d571a1eabe9e66d6034b90683f83626
QP-DIAGONAL,10000,5000,47,0,True,cuOpt,85309be770bb8bdc76450a0b16008d170e25d53bf45723a304aa40567bb53925,optimal,Optimal,True,True,False,0.2282099190633744,6.766366336029023,6.735619953,0.0037465279456228,0.0003422659356147,6.998704816913232,-0.908170298427291,-0.9081702984272894,1.6653345369377348e-15,0.0,1162493952,9626124288.0,,,63094,b40x4-02,b40x4,f00c45ae3d571a1eabe9e66d6034b90683f83626
QP-DIAGONAL,10000,5000,47,1,True,cuOpt,85309be770bb8bdc76450a0b16008d170e25d53bf45723a304aa40567bb53925,optimal,Optimal,True,True,False,0.2311473551671952,6.747238168027252,6.713190547,0.004281354136765,0.0005616520065814,6.983250860823318,-0.908170298427291,-0.9081702984272894,1.6653345369377348e-15,0.0,1164894208,9626124288.0,,,63094,b40x4-02,b40x4,f00c45ae3d571a1eabe9e66d6034b90683f83626
QP-DIAGONAL,10000,5000,47,2,True,cuOpt,85309be770bb8bdc76450a0b16008d170e25d53bf45723a304aa40567bb53925,optimal,Optimal,True,True,False,0.2296592120546847,6.772279975004494,6.736136195,0.004249689169228,0.0003746880684047,7.006614279933274,-0.908170298427291,-0.9081702984272894,1.6653345369377348e-15,0.0,1167122432,9626124288.0,,,63094,b40x4-02,b40x4,f00c45ae3d571a1eabe9e66d6034b90683f83626
QP-SPARSE-COUPLED,100,100,11,-1,False,cuOpt,5c3b4cd398fe14056df091cfa319c88592c63bdd9b5d7bce681ff5b3dd8cde83,optimal,Optimal,True,True,False,0.0043183038942515,0.142631510971114,0.139536698,0.0002309090923517,6.892415694892406e-05,0.1472827650140971,-0.9548393779827674,-0.954839377982768,6.661338147750939e-16,4.763134331398078e-12,1167384576,644022272.0,,,63094,b40x4-02,b40x4,f00c45ae3d571a1eabe9e66d6034b90683f83626
QP-SPARSE-COUPLED,100,100,11,0,True,cuOpt,5c3b4cd398fe14056df091cfa319c88592c63bdd9b5d7bce681ff5b3dd8cde83,optimal,Optimal,True,True,False,0.0042560270521789,0.1427962621673941,0.139985398,0.0002311090938746,6.904499605298042e-05,0.1473879020195454,-0.9548393779827674,-0.954839377982768,6.661338147750939e-16,4.763134331398078e-12,1169711104,644022272.0,,,63094,b40x4-02,b40x4,f00c45ae3d571a1eabe9e66d6034b90683f83626
QP-SPARSE-COUPLED,100,100,11,1,True,cuOpt,5c3b4cd398fe14056df091cfa319c88592c63bdd9b5d7bce681ff5b3dd8cde83,optimal,Optimal,True,True,False,0.0042626440990716,0.1421149719972163,0.139368224,0.0002206310164183,6.506894715130329e-05,0.1466819979250431,-0.9548393779827674,-0.954839377982768,6.661338147750939e-16,4.763134331398078e-12,1172008960,644022272.0,,,63094,b40x4-02,b40x4,f00c45ae3d571a1eabe9e66d6034b90683f83626
QP-SPARSE-COUPLED,100,100,11,2,True,cuOpt,5c3b4cd398fe14056df091cfa319c88592c63bdd9b5d7bce681ff5b3dd8cde83,optimal,Optimal,True,True,False,0.004277414176613,0.1292068201582878,0.126513253,0.0002304499503225,6.454391404986382e-05,0.1337981249671429,-0.9548393779827674,-0.954839377982768,6.661338147750939e-16,4.763134331398078e-12,1174302720,644022272.0,,,63094,b40x4-02,b40x4,f00c45ae3d571a1eabe9e66d6034b90683f83626
QP-SPARSE-COUPLED,100,100,29,-1,False,cuOpt,ab3b1f69f432fffbe3f3df22535128010d1b7eeb1f2a616847f606150eb1398a,optimal,Optimal,True,True,False,0.0042067049071192,0.1434880830347538,0.140832515,0.0002217120490968,6.246892735362053e-05,0.1479975178372115,-1.2087831466585646,-1.2087831466585697,4.884981308350689e-15,1.8258797251924364e-11,1176608768,644022272.0,,,63094,b40x4-02,b40x4,f00c45ae3d571a1eabe9e66d6034b90683f83626
QP-SPARSE-COUPLED,100,100,29,0,True,cuOpt,ab3b1f69f432fffbe3f3df22535128010d1b7eeb1f2a616847f606150eb1398a,optimal,Optimal,True,True,False,0.0042485410813242,0.1527365520596504,0.149073633,0.0003505609929561,0.0001253657974302,0.1574783099349588,-1.2087831466585646,-1.2087831466585697,4.884981308350689e-15,1.8258797251924364e-11,1178836992,644022272.0,,,63094,b40x4-02,b40x4,f00c45ae3d571a1eabe9e66d6034b90683f83626
QP-SPARSE-COUPLED,100,100,29,1,True,cuOpt,ab3b1f69f432fffbe3f3df22535128010d1b7eeb1f2a616847f606150eb1398a,optimal,Optimal,True,True,False,0.0043509099632501,0.1511985010001808,0.148176462,0.0002379009965807,7.116887718439102e-05,0.155883050058037,-1.2087831466585646,-1.2087831466585697,4.884981308350689e-15,1.8258797251924364e-11,1181151232,644022272.0,,,63094,b40x4-02,b40x4,f00c45ae3d571a1eabe9e66d6034b90683f83626
QP-SPARSE-COUPLED,100,100,29,2,True,cuOpt,ab3b1f69f432fffbe3f3df22535128010d1b7eeb1f2a616847f606150eb1398a,optimal,Optimal,True,True,False,0.0042472837958484,0.1433411920443177,0.140582972,0.0002176370471715,6.084586493670941e-05,0.1479010989423841,-1.2087831466585646,-1.2087831466585697,4.884981308350689e-15,1.8258797251924364e-11,1183539200,644022272.0,,,63094,b40x4-02,b40x4,f00c45ae3d571a1eabe9e66d6034b90683f83626
QP-SPARSE-COUPLED,100,100,47,-1,False,cuOpt,777d33fc104e0a119a5c772c7ec15a46a73025da9f356dc15580f99bdf83b448,optimal,Optimal,True,True,False,0.0041953609324991,0.1117305229417979,0.109004847,0.0002222571056336,6.306497380137444e-05,0.1162298209965229,-1.19071133422107,-1.190711334221068,1.9984014443252818e-15,6.485752906959519e-12,1185763328,644022272.0,,,63094,b40x4-02,b40x4,f00c45ae3d571a1eabe9e66d6034b90683f83626
QP-SPARSE-COUPLED,100,100,47,0,True,cuOpt,777d33fc104e0a119a5c772c7ec15a46a73025da9f356dc15580f99bdf83b448,optimal,Optimal,True,True,False,0.0042334499303251,0.1400290811434388,0.137358433,0.0002235290594398,6.16190955042839e-05,0.1445660379249602,-1.19071133422107,-1.190711334221068,1.9984014443252818e-15,6.485752906959519e-12,1188155392,644022272.0,,,63094,b40x4-02,b40x4,f00c45ae3d571a1eabe9e66d6034b90683f83626
QP-SPARSE-COUPLED,100,100,47,1,True,cuOpt,777d33fc104e0a119a5c772c7ec15a46a73025da9f356dc15580f99bdf83b448,optimal,Optimal,True,True,False,0.0042296799365431,0.1400455511175096,0.137427595,0.0002188940998166,6.681098602712154e-05,0.1445774349849671,-1.19071133422107,-1.190711334221068,1.9984014443252818e-15,6.485752906959519e-12,1190481920,644022272.0,,,63094,b40x4-02,b40x4,f00c45ae3d571a1eabe9e66d6034b90683f83626
QP-SPARSE-COUPLED,100,100,47,2,True,cuOpt,777d33fc104e0a119a5c772c7ec15a46a73025da9f356dc15580f99bdf83b448,optimal,Optimal,True,True,False,0.0042341139633208,0.1396338699851185,0.136509937,0.0003544630017131,0.0001170309260487,0.1443604279775172,-1.19071133422107,-1.190711334221068,1.9984014443252818e-15,6.485752906959519e-12,1192857600,644022272.0,,,63094,b40x4-02,b40x4,f00c45ae3d571a1eabe9e66d6034b90683f83626
QP-SPARSE-COUPLED,300,300,11,-1,False,cuOpt,2f99797437014fe0b6c414811dae6dd0c984638986382a5e39de6c4171c631db,optimal,Optimal,True,True,False,0.6490151570178568,0.2995296979788691,0.282297251,0.0005074450746178,0.0001225499436259,0.9492262608837336,-1.1143568343342554,-1.1143568343342578,2.4424906541753444e-15,6.478442782231753e-12,803565568,675479552.0,,,63094,b40x4-02,b40x4,f00c45ae3d571a1eabe9e66d6034b90683f83626
QP-SPARSE-COUPLED,300,300,11,0,True,cuOpt,2f99797437014fe0b6c414811dae6dd0c984638986382a5e39de6c4171c631db,optimal,Optimal,True,True,False,0.0129801370203495,0.214268040144816,0.210725466,0.0004776399582624,7.682084105908871e-05,0.2278438960202038,-1.1143568343342554,-1.1143568343342578,2.4424906541753444e-15,6.478442782231753e-12,806805504,675479552.0,,,63094,b40x4-02,b40x4,f00c45ae3d571a1eabe9e66d6034b90683f83626
QP-SPARSE-COUPLED,300,300,11,1,True,cuOpt,2f99797437014fe0b6c414811dae6dd0c984638986382a5e39de6c4171c631db,optimal,Optimal,True,True,False,0.0125287631526589,0.2117822649888694,0.208492989,0.0004665439482778,7.214490324258804e-05,0.2248691651038825,-1.1143568343342554,-1.1143568343342578,2.4424906541753444e-15,6.478442782231753e-12,809435136,675479552.0,,,63094,b40x4-02,b40x4,f00c45ae3d571a1eabe9e66d6034b90683f83626
QP-SPARSE-COUPLED,300,300,11,2,True,cuOpt,2f99797437014fe0b6c414811dae6dd0c984638986382a5e39de6c4171c631db,optimal,Optimal,True,True,False,0.0125570399686694,0.2116563960444182,0.208382462,0.0004691150970757,7.017888128757477e-05,0.2247709089424461,-1.1143568343342554,-1.1143568343342578,2.4424906541753444e-15,6.478442782231753e-12,813170688,675479552.0,,,63094,b40x4-02,b40x4,f00c45ae3d571a1eabe9e66d6034b90683f83626
QP-SPARSE-COUPLED,300,300,29,-1,False,cuOpt,9580b3db5682b504971381ea28918e9939abd6acab34eea7b8d0424add9be5b9,optimal,Optimal,True,True,False,0.0129112580325454,0.145697260973975,0.142489975,0.0004699369892477,6.85560517013073e-05,0.1591660780832171,-1.012262325108027,-1.012262325108029,1.9984014443252818e-15,1.1752862572045329e-11,815460352,675479552.0,,,63094,b40x4-02,b40x4,f00c45ae3d571a1eabe9e66d6034b90683f83626
QP-SPARSE-COUPLED,300,300,29,0,True,cuOpt,9580b3db5682b504971381ea28918e9939abd6acab34eea7b8d0424add9be5b9,optimal,Optimal,True,True,False,0.0129574630409479,0.1927986659575253,0.189566652,0.0004738878924399,6.866501644253731e-05,0.2063185500446707,-1.012262325108027,-1.012262325108029,1.9984014443252818e-15,1.1752862572045329e-11,817700864,675479552.0,,,63094,b40x4-02,b40x4,f00c45ae3d571a1eabe9e66d6034b90683f83626
QP-SPARSE-COUPLED,300,300,29,1,True,cuOpt,9580b3db5682b504971381ea28918e9939abd6acab34eea7b8d0424add9be5b9,optimal,Optimal,True,True,False,0.0128902960568666,0.1685513090342283,0.165336554,0.0004455789458006,6.735813803970814e-05,0.1819730459246784,-1.012262325108027,-1.012262325108029,1.9984014443252818e-15,1.1752862572045329e-11,820027392,675479552.0,,,63094,b40x4-02,b40x4,f00c45ae3d571a1eabe9e66d6034b90683f83626
QP-SPARSE-COUPLED,300,300,29,2,True,cuOpt,9580b3db5682b504971381ea28918e9939abd6acab34eea7b8d0424add9be5b9,optimal,Optimal,True,True,False,0.0127992790658026,0.2120294810738414,0.208807541,0.0004505719989538,6.805895827710629e-05,0.2253684529569,-1.012262325108027,-1.012262325108029,1.9984014443252818e-15,1.1752862572045329e-11,822255616,675479552.0,,,63094,b40x4-02,b40x4,f00c45ae3d571a1eabe9e66d6034b90683f83626
QP-SPARSE-COUPLED,300,300,47,-1,False,cuOpt,7c436531689fbcde43b56a72a9281c9f21d388d574b037a7e66156fc25a95f9a,optimal,Optimal,True,True,False,0.0128212610725313,0.2089470149949193,0.20571611,0.0004538549110293,6.896513514220715e-05,0.2223111349157989,-0.9099090636665076,-0.9099090636665128,5.440092820663267e-15,8.457665123806635e-12,824541184,641925120.0,,,63094,b40x4-02,b40x4,f00c45ae3d571a1eabe9e66d6034b90683f83626
QP-SPARSE-COUPLED,300,300,47,0,True,cuOpt,7c436531689fbcde43b56a72a9281c9f21d388d574b037a7e66156fc25a95f9a,optimal,Optimal,True,True,False,0.0125486000906676,0.2091897730715572,0.206005976,0.0004381290636956,6.872299127280712e-05,0.2222648072056472,-0.9099090636665076,-0.9099090636665128,5.440092820663267e-15,8.457665123806635e-12,826834944,641925120.0,,,63094,b40x4-02,b40x4,f00c45ae3d571a1eabe9e66d6034b90683f83626
QP-SPARSE-COUPLED,300,300,47,1,True,cuOpt,7c436531689fbcde43b56a72a9281c9f21d388d574b037a7e66156fc25a95f9a,optimal,Optimal,True,True,False,0.0125496909022331,0.2017984217964112,0.198135364,0.0004734999965876,8.361903019249439e-05,0.2149252060335129,-0.9099090636665076,-0.9099090636665128,5.440092820663267e-15,8.457665123806635e-12,829149184,641925120.0,,,63094,b40x4-02,b40x4,f00c45ae3d571a1eabe9e66d6034b90683f83626
QP-SPARSE-COUPLED,300,300,47,2,True,cuOpt,7c436531689fbcde43b56a72a9281c9f21d388d574b037a7e66156fc25a95f9a,optimal,Optimal,True,True,False,0.0126438250299543,0.2101365230046212,0.206735969,0.0004409190732985,6.704707629978657e-05,0.2233099010773003,-0.9099090636665076,-0.9099090636665128,5.440092820663267e-15,8.457665123806635e-12,833605632,641925120.0,,,63094,b40x4-02,b40x4,f00c45ae3d571a1eabe9e66d6034b90683f83626
QP-SPARSE-COUPLED,1000,1000,11,-1,False,cuOpt,faac694548a48f4fbbe8839e3c7ded7765a7d3b4ebc9d3427fc63bd1c99b3293,optimal,Optimal,True,True,False,0.0433319569565355,0.2858815900981426,0.280816805,0.0014004369731992,8.237501606345177e-05,0.3307163340505212,-0.8716206712143297,-0.8716206712143376,7.882583474838611e-15,5.0734971779320396e-12,864456704,845348864.0,,,63094,b40x4-02,b40x4,f00c45ae3d571a1eabe9e66d6034b90683f83626
QP-SPARSE-COUPLED,1000,1000,11,0,True,cuOpt,faac694548a48f4fbbe8839e3c7ded7765a7d3b4ebc9d3427fc63bd1c99b3293,optimal,Optimal,True,True,False,0.0426137240137904,0.2736910439562052,0.268787965,0.0013766640331596,8.705793879926205e-05,0.3177866300102323,-0.8716206712143297,-0.8716206712143376,7.882583474838611e-15,5.0734971779320396e-12,869441536,845348864.0,,,63094,b40x4-02,b40x4,f00c45ae3d571a1eabe9e66d6034b90683f83626
QP-SPARSE-COUPLED,1000,1000,11,1,True,cuOpt,faac694548a48f4fbbe8839e3c7ded7765a7d3b4ebc9d3427fc63bd1c99b3293,optimal,Optimal,True,True,False,0.042852718848735,0.2738523629959672,0.268952845,0.0013070870190858,8.548283949494362e-05,0.3181166411377489,-0.8716206712143297,-0.8716206712143376,7.882583474838611e-15,5.0734971779320396e-12,871669760,845348864.0,,,63094,b40x4-02,b40x4,f00c45ae3d571a1eabe9e66d6034b90683f83626
QP-SPARSE-COUPLED,1000,1000,11,2,True,cuOpt,faac694548a48f4fbbe8839e3c7ded7765a7d3b4ebc9d3427fc63bd1c99b3293,optimal,Optimal,True,True,False,0.0429271419998258,0.2426904779858887,0.236813745,0.0013555439654737,8.396711200475693e-05,0.2870844998396933,-0.8716206712143297,-0.8716206712143376,7.882583474838611e-15,5.0734971779320396e-12,874770432,845348864.0,,,63094,b40x4-02,b40x4,f00c45ae3d571a1eabe9e66d6034b90683f83626
QP-SPARSE-COUPLED,1000,1000,29,-1,False,cuOpt,933e526d24c3f8f743e45242cc3e9f6c0db47c5dc86f25bc7c7e1afd0c1c3e4d,optimal,Optimal,True,True,False,0.0423902359325438,0.2704918710514903,0.265637247,0.0013659070245921,9.11368988454342e-05,0.3143568690866232,-0.870455577291404,-0.8704555772914112,7.216449660063518e-15,5.038996997441814e-12,877133824,845348864.0,,,63094,b40x4-02,b40x4,f00c45ae3d571a1eabe9e66d6034b90683f83626
QP-SPARSE-COUPLED,1000,1000,29,0,True,cuOpt,933e526d24c3f8f743e45242cc3e9f6c0db47c5dc86f25bc7c7e1afd0c1c3e4d,optimal,Optimal,True,True,False,0.0421924008987844,0.2624209700152278,0.257455266,0.0013189290184527,8.783000521361828e-05,0.3060392430052161,-0.870455577291404,-0.8704555772914112,7.216449660063518e-15,5.038996997441814e-12,880541696,845348864.0,,,63094,b40x4-02,b40x4,f00c45ae3d571a1eabe9e66d6034b90683f83626
QP-SPARSE-COUPLED,1000,1000,29,1,True,cuOpt,933e526d24c3f8f743e45242cc3e9f6c0db47c5dc86f25bc7c7e1afd0c1c3e4d,optimal,Optimal,True,True,False,0.0424046621192246,0.2755047569517046,0.270639276,0.0013301249127835,8.67180060595274e-05,0.3193438400048762,-0.870455577291404,-0.8704555772914112,7.216449660063518e-15,5.038996997441814e-12,883765248,845348864.0,,,63094,b40x4-02,b40x4,f00c45ae3d571a1eabe9e66d6034b90683f83626
QP-SPARSE-COUPLED,1000,1000,29,2,True,cuOpt,933e526d24c3f8f743e45242cc3e9f6c0db47c5dc86f25bc7c7e1afd0c1c3e4d,optimal,Optimal,True,True,False,0.0422993751708418,0.2728986139409244,0.267781492,0.0014000809751451,8.46032053232193e-05,0.316702407086268,-0.870455577291404,-0.8704555772914112,7.216449660063518e-15,5.038996997441814e-12,886546432,845348864.0,,,63094,b40x4-02,b40x4,f00c45ae3d571a1eabe9e66d6034b90683f83626
QP-SPARSE-COUPLED,1000,1000,47,-1,False,cuOpt,0e4e0db5bbe0c5ef0302b898c018d0084efbfb2341fe30f9a045ab422ff98bdd,optimal,Optimal,True,True,False,0.0423701391555368,0.2765686940401792,0.271447062,0.0014343259390443,9.979493916034698e-05,0.3204920392017811,-0.9742427488973756,-0.9742427488973784,2.997602166487923e-15,8.140019908120522e-12,888860672,845348864.0,,,63094,b40x4-02,b40x4,f00c45ae3d571a1eabe9e66d6034b90683f83626
QP-SPARSE-COUPLED,1000,1000,47,0,True,cuOpt,0e4e0db5bbe0c5ef0302b898c018d0084efbfb2341fe30f9a045ab422ff98bdd,optimal,Optimal,True,True,False,0.0424873030278831,0.2743148759473115,0.268702203,0.0015207878313958,0.0002562219742685,0.3185989018529653,-0.9742427488973756,-0.9742427488973784,2.997602166487923e-15,8.140019908120522e-12,891600896,845348864.0,,,63094,b40x4-02,b40x4,f00c45ae3d571a1eabe9e66d6034b90683f83626
QP-SPARSE-COUPLED,1000,1000,47,1,True,cuOpt,0e4e0db5bbe0c5ef0302b898c018d0084efbfb2341fe30f9a045ab422ff98bdd,optimal,Optimal,True,True,False,0.0425132049713283,0.2735185420606285,0.268428328,0.0013617449440062,8.948519825935364e-05,0.3175217430107295,-0.9742427488973756,-0.9742427488973784,2.997602166487923e-15,8.140019908120522e-12,894291968,845348864.0,,,63094,b40x4-02,b40x4,f00c45ae3d571a1eabe9e66d6034b90683f83626
QP-SPARSE-COUPLED,1000,1000,47,2,True,cuOpt,0e4e0db5bbe0c5ef0302b898c018d0084efbfb2341fe30f9a045ab422ff98bdd,optimal,Optimal,True,True,False,0.0425886549055576,0.2715579259674996,0.265976382,0.0013953461311757,0.0001212030183523,0.3156984220258891,-0.9742427488973756,-0.9742427488973784,2.997602166487923e-15,8.140019908120522e-12,896630784,845348864.0,,,63094,b40x4-02,b40x4,f00c45ae3d571a1eabe9e66d6034b90683f83626
QP-SPARSE-COUPLED,3000,3000,11,-1,False,cuOpt,72aeb9d467c8dc16da6e9b430e723e078e3e0abf0ee20c207bc8c97e4d9b0d6e,optimal,Optimal,True,True,False,0.8150015899445862,0.7774153689388186,0.752993481,0.0039005090948194265,0.00027807499282062054,1.5966520181391388,-0.5001932588097839,-0.5001932588097949,1.099120794378905e-14,5.821995663346513e-12,880254976,2560819200.0,,,63094,b40x4-02,b40x4,f00c45ae3d571a1eabe9e66d6034b90683f83626
QP-SPARSE-COUPLED,3000,3000,11,0,True,cuOpt,72aeb9d467c8dc16da6e9b430e723e078e3e0abf0ee20c207bc8c97e4d9b0d6e,optimal,Optimal,True,True,False,0.12964536808431149,0.6961199918296188,0.686283159,0.003853891044855118,0.0005695980507880449,0.8302209628745914,-0.5001932588097839,-0.5001932588097949,1.099120794378905e-14,5.821995663346513e-12,887857152,2562916352.0,,,63094,b40x4-02,b40x4,f00c45ae3d571a1eabe9e66d6034b90683f83626
QP-SPARSE-COUPLED,3000,3000,11,1,True,cuOpt,72aeb9d467c8dc16da6e9b430e723e078e3e0abf0ee20c207bc8c97e4d9b0d6e,optimal,Optimal,True,True,False,0.1272607920691371,0.6667126789689064,0.655944844,0.0039206561632454395,0.0003557971213012934,0.7982713070232421,-0.5001932588097839,-0.5001932588097949,1.099120794378905e-14,5.821995663346513e-12,890109952,2562916352.0,,,63094,b40x4-02,b40x4,f00c45ae3d571a1eabe9e66d6034b90683f83626
QP-SPARSE-COUPLED,3000,3000,11,2,True,cuOpt,72aeb9d467c8dc16da6e9b430e723e078e3e0abf0ee20c207bc8c97e4d9b0d6e,optimal,Optimal,True,True,False,0.1292551839724183,0.679870611988008,0.668711188,0.003817993914708495,0.00025854306295514107,0.813224010867998,-0.5001932588097839,-0.5001932588097949,1.099120794378905e-14,5.821995663346513e-12,897273856,2562916352.0,,,63094,b40x4-02,b40x4,f00c45ae3d571a1eabe9e66d6034b90683f83626
QP-SPARSE-COUPLED,3000,3000,29,-1,False,cuOpt,95357b4459d891a56cdb9b5c2672da70fd35b15554916bea2eacfcb88d303b34,optimal,Optimal,True,True,False,0.12984118587337434,0.7532822249922901,0.742989676,0.0039010660257190466,0.00032072002068161964,0.8873682729899883,-0.5707159372392621,-0.5707159372392582,3.885780586188048e-15,3.0488563063091334e-12,899559424,2529361920.0,,,63094,b40x4-02,b40x4,f00c45ae3d571a1eabe9e66d6034b90683f83626
QP-SPARSE-COUPLED,3000,3000,29,0,True,cuOpt,95357b4459d891a56cdb9b5c2672da70fd35b15554916bea2eacfcb88d303b34,optimal,Optimal,True,True,False,0.12786056101322174,0.7548965259920806,0.744453581,0.003948646830394864,0.00022923806682229042,0.8869666850659996,-0.5707159372392621,-0.5707159372392582,3.885780586188048e-15,3.0488563063091334e-12,901824512,2529361920.0,,,63094,b40x4-02,b40x4,f00c45ae3d571a1eabe9e66d6034b90683f83626
QP-SPARSE-COUPLED,3000,3000,29,1,True,cuOpt,95357b4459d891a56cdb9b5c2672da70fd35b15554916bea2eacfcb88d303b34,optimal,Optimal,True,True,False,0.12688604183495045,0.6954005868174136,0.685214246,0.004691630136221647,0.00037463498301804066,0.827377965208143,-0.5707159372392621,-0.5707159372392582,3.885780586188048e-15,3.0488563063091334e-12,904187904,2529361920.0,,,63094,b40x4-02,b40x4,f00c45ae3d571a1eabe9e66d6034b90683f83626
QP-SPARSE-COUPLED,3000,3000,29,2,True,cuOpt,95357b4459d891a56cdb9b5c2672da70fd35b15554916bea2eacfcb88d303b34,optimal,Optimal,True,True,False,0.12805389380082488,0.7558553069829941,0.745418285,0.004032901022583246,0.00020039803348481655,0.8881678499747068,-0.5707159372392621,-0.5707159372392582,3.885780586188048e-15,3.0488563063091334e-12,906407936,2529361920.0,,,63094,b40x4-02,b40x4,f00c45ae3d571a1eabe9e66d6034b90683f83626
QP-SPARSE-COUPLED,3000,3000,47,-1,False,cuOpt,be1230992a581006580fbf0dd0709870f5e9c9fb83af1108e6a60ba8936b98b2,optimal,Optimal,True,True,False,0.1290751260239631,0.7445350030902773,0.734660046,0.003868789877742529,0.00014252099208533764,0.8776515440549701,-0.5572659016532995,-0.5572659016532976,1.887379141862766e-15,1.5397683128526296e-12,908627968,2527264768.0,,,63094,b40x4-02,b40x4,f00c45ae3d571a1eabe9e66d6034b90683f83626
QP-SPARSE-COUPLED,3000,3000,47,0,True,cuOpt,be1230992a581006580fbf0dd0709870f5e9c9fb83af1108e6a60ba8936b98b2,optimal,Optimal,True,True,False,0.12838713801465929,0.741715244948864,0.731881058,0.003956410102546215,0.00016102311201393604,0.8742378980387002,-0.5572659016532995,-0.5572659016532976,1.887379141862766e-15,1.5397683128526296e-12,911138816,2529361920.0,,,63094,b40x4-02,b40x4,f00c45ae3d571a1eabe9e66d6034b90683f83626
QP-SPARSE-COUPLED,3000,3000,47,1,True,cuOpt,be1230992a581006580fbf0dd0709870f5e9c9fb83af1108e6a60ba8936b98b2,optimal,Optimal,True,True,False,0.12822820688597858,0.7460331979673356,0.73571903,0.004006664967164397,0.00020967400632798672,0.8785122008994222,-0.5572659016532995,-0.5572659016532976,1.887379141862766e-15,1.5397683128526296e-12,913444864,2529361920.0,,,63094,b40x4-02,b40x4,f00c45ae3d571a1eabe9e66d6034b90683f83626
QP-SPARSE-COUPLED,3000,3000,47,2,True,cuOpt,be1230992a581006580fbf0dd0709870f5e9c9fb83af1108e6a60ba8936b98b2,optimal,Optimal,True,True,False,0.12806381797417998,0.743583156960085,0.733112928,0.003794481046497822,0.00014115707017481327,0.8756023740861565,-0.5572659016532995,-0.5572659016532976,1.887379141862766e-15,1.5397683128526296e-12,915677184,2529361920.0,,,63094,b40x4-02,b40x4,f00c45ae3d571a1eabe9e66d6034b90683f83626
QP-SPARSE-COUPLED,10000,10000,11,-1,False,cuOpt,fde14264705d7703584aaa137717f4aa1159fccfc664874e6ea545a300e9120c,optimal,Optimal,True,True,False,0.4347152910195291,6.410187922185287,6.373053251,0.014994841068983078,0.000741143012419343,6.8606644901447,0.7103001411299337,0.7103001411299389,5.218048215738236e-15,2.957870927355888e-12,1154015232,9894559744.0,,,63094,b40x4-02,b40x4,f00c45ae3d571a1eabe9e66d6034b90683f83626
QP-SPARSE-COUPLED,10000,10000,11,0,True,cuOpt,fde14264705d7703584aaa137717f4aa1159fccfc664874e6ea545a300e9120c,optimal,Optimal,True,True,False,0.5003551898989826,6.356271830154583,6.319043571,0.014501800993457437,0.0007113399915397167,6.871900835074484,0.7103001411299337,0.7103001411299389,5.218048215738236e-15,2.957870927355888e-12,1176944640,9896656896.0,,,63094,b40x4-02,b40x4,f00c45ae3d571a1eabe9e66d6034b90683f83626
QP-SPARSE-COUPLED,10000,10000,11,1,True,cuOpt,fde14264705d7703584aaa137717f4aa1159fccfc664874e6ea545a300e9120c,optimal,Optimal,True,True,False,0.43146539898589253,6.335568251088262,6.299905274,0.014443058986216784,0.00044612097553908825,6.781983051914722,0.7103001411299337,0.7103001411299389,5.218048215738236e-15,2.957870927355888e-12,1179283456,9896656896.0,,,63094,b40x4-02,b40x4,f00c45ae3d571a1eabe9e66d6034b90683f83626
QP-SPARSE-COUPLED,10000,10000,11,2,True,cuOpt,fde14264705d7703584aaa137717f4aa1159fccfc664874e6ea545a300e9120c,optimal,Optimal,True,True,False,0.43044942896813154,6.308172275079414,6.272216237,0.014233188005164266,0.000657923985272646,6.753565768012777,0.7103001411299337,0.7103001411299389,5.218048215738236e-15,2.957870927355888e-12,1181671424,9896656896.0,,,63094,b40x4-02,b40x4,f00c45ae3d571a1eabe9e66d6034b90683f83626
QP-SPARSE-COUPLED,10000,10000,29,-1,False,cuOpt,f6eec9574130136a106859f183b5d142b05c0d8d55e6e0c6aad4824b6cf196de,optimal,Optimal,True,True,False,0.43366920412518084,7.352431555045769,7.315844424,0.01468159002251923,0.0005619910079985857,7.801374898059294,0.5529202082597324,0.5529202082597099,2.2537527399890678e-14,2.5264772912647615e-12,1184387072,9932308480.0,,,63094,b40x4-02,b40x4,f00c45ae3d571a1eabe9e66d6034b90683f83626
QP-SPARSE-COUPLED,10000,10000,29,0,True,cuOpt,f6eec9574130136a106859f183b5d142b05c0d8d55e6e0c6aad4824b6cf196de,optimal,Optimal,True,True,False,0.4311520189512521,7.341840764973313,7.30436696,0.013399593997746706,0.0005897509399801493,7.787018005969003,0.5529202082597324,0.5529202082597099,2.2537527399890678e-14,2.5264772912647615e-12,1187782656,9932308480.0,,,63094,b40x4-02,b40x4,f00c45ae3d571a1eabe9e66d6034b90683f83626
QP-SPARSE-COUPLED,10000,10000,29,1,True,cuOpt,f6eec9574130136a106859f183b5d142b05c0d8d55e6e0c6aad4824b6cf196de,optimal,Optimal,True,True,False,0.43036719714291394,7.285558022093028,7.247845005,0.01465955819003284,0.0005544209852814674,7.731168004916981,0.5529202082597324,0.5529202082597099,2.2537527399890678e-14,2.5264772912647615e-12,1190117376,9932308480.0,,,63094,b40x4-02,b40x4,f00c45ae3d571a1eabe9e66d6034b90683f83626
QP-SPARSE-COUPLED,10000,10000,29,2,True,cuOpt,f6eec9574130136a106859f183b5d142b05c0d8d55e6e0c6aad4824b6cf196de,optimal,Optimal,True,True,False,0.49334366200491786,7.316886875079945,7.280987422,0.01411686185747385,0.0006092800758779049,7.825005954131484,0.5529202082597324,0.5529202082597099,2.2537527399890678e-14,2.5264772912647615e-12,1192337408,9932308480.0,,,63094,b40x4-02,b40x4,f00c45ae3d571a1eabe9e66d6034b90683f83626
QP-SPARSE-COUPLED,10000,10000,47,-1,False,cuOpt,27548339498c780931cbc2e68d7cd72be8364edbaac4e8e84d06d5b44abb5213,optimal,Optimal,True,True,False,0.4305487140081823,5.303363050101325,5.26720909,0.014132280834019184,0.00035271281376481056,5.7484217181336135,0.5497153844442471,0.5497153844442602,1.3100631690576847e-14,1.882612121750782e-12,1195741184,9831645184.0,,,63094,b40x4-02,b40x4,f00c45ae3d571a1eabe9e66d6034b90683f83626
QP-SPARSE-COUPLED,10000,10000,47,0,True,cuOpt,27548339498c780931cbc2e68d7cd72be8364edbaac4e8e84d06d5b44abb5213,optimal,Optimal,True,True,False,0.4295926059130579,5.3000928240362555,5.263758269,0.0139382379129529,0.00035830307751893997,5.744023944949731,0.5497153844442471,0.5497153844442602,1.3100631690576847e-14,1.882612121750782e-12,1198948352,9829548032.0,,,63094,b40x4-02,b40x4,f00c45ae3d571a1eabe9e66d6034b90683f83626
QP-SPARSE-COUPLED,10000,10000,47,1,True,cuOpt,27548339498c780931cbc2e68d7cd72be8364edbaac4e8e84d06d5b44abb5213,optimal,Optimal,True,True,False,0.4321976921055466,5.298445705091581,5.265373316,0.013616760028526187,0.000527435913681984,5.744810892036185,0.5497153844442471,0.5497153844442602,1.3100631690576847e-14,1.882612121750782e-12,1203421184,9829548032.0,,,63094,b40x4-02,b40x4,f00c45ae3d571a1eabe9e66d6034b90683f83626
QP-SPARSE-COUPLED,10000,10000,47,2,True,cuOpt,27548339498c780931cbc2e68d7cd72be8364edbaac4e8e84d06d5b44abb5213,optimal,Optimal,True,True,False,0.43010462494567037,5.295043529942632,5.261885143,0.013840426923707128,0.0005674120038747787,5.739608146017417,0.5497153844442471,0.5497153844442602,1.3100631690576847e-14,1.882612121750782e-12,1205657600,9831645184.0,,,63094,b40x4-02,b40x4,f00c45ae3d571a1eabe9e66d6034b90683f83626
